{"_id":{"$oid":"64f7a2003c72cb4bfc18e4f7"},"omim_id":101000,"disease_name":"NEUROFIBROMATOSIS, TYPE II","disease_symbol":"NF2","alternative_names":["NEUROFIBROMATOSIS,CENTRAL TYPE","ACOUSTIC SCHWANNOMAS,BILATERAL","BILATERAL ACOUSTIC NEUROFIBROMATOSIS; BANF","ACOUSTIC NEURINOMA, BILATERAL"],"inheritance":["AD"],"onset":"All ages","gene_name":"NF2","gene_id":607379.0,"genomic_location":"22q12.2","summary":" ","classification":["Congenital malformations, deformations and chromosomal abnormalities","Other congenital malformations","Phakomatoses, not elsewhere classified","Neurofibromatosis (nonmalignant)"],"icd_10":"Q85.0","external_links":"ORPHA637","references":17137698,"hpo_annotations":["HP:0007935","HP:0000365","HP:0002321","HP:0001250","HP:0000360","HP:0001251","HP:0100014","HP:0009590","HP:0009593","HP:0009592","HP:0009595","HP:0009594","HP:0000957","HP:0100019","HP:0011462","HP:0009830","HP:0002858","HP:0009589","HP:0002315","HP:0500089","HP:0002888","HP:0009737","HP:0000006"],"hpo_terms":["Juvenile posterior subcapsular lenticular opacities","Hearing impairment","Vertigo","Seizure","Tinnitus","Ataxia","Epiretinal membrane","Unilateral vestibular schwannoma","Peripheral schwannoma","Astrocytoma","Occasional neurofibromas","Retinal hamartoma","Cafe-au-lait spot","Cortical cataract","Young adult onset","Peripheral neuropathy","Meningioma","Bilateral vestibular schwannoma","Headache","Optic nerve sheath meningioma","Ependymoma","Lisch nodules","Autosomal dominant inheritance"],"alternative_names ":["NEUROFIBROMATOSIS,CENTRAL TYPE","ACOUSTIC SCHWANNOMAS,BILATERAL","BILATERAL ACOUSTIC NEUROFIBROMATOSIS; BANF","ACOUSTIC NEURINOMA, BILATERAL"]}
{"_id":{"$oid":"64f7a2003c72cb4bfc18e4f8"},"omim_id":105400,"disease_name":"AMYOTROPHIC LATERAL SCLEROSIS 1","disease_symbol":"ALS1","alternative_names":["AMYOTROPHIC LATERAL SCLEROSIS 1, FAMILIAL","AMYOTROPHIC LATERAL SCLEROSIS 1, AUTOSOMAL DOMINANT"],"inheritance":["AD","AR"],"onset":"Adult","gene_name":"SOD1","gene_id":147450.0,"genomic_location":"21q22.11","summary":null,"classification":["Diseases of the nervous system","Systemic atrophies primarily affecting the central nervous system","Spinal muscular atrophy and related syndromes","Motor neuron disease"],"icd_10":"G12.2","external_links":"ORPHA803","references":22234492,"hpo_annotations":["HP:0003202","HP:0002015","HP:0002398","HP:0001260","HP:0003581","HP:0003394","HP:0002380","HP:0010535","HP:0007354","HP:0007024","HP:0000007","HP:0001324","HP:0001257","HP:0000006","HP:0002314","HP:0001347"],"hpo_terms":["Skeletal muscle atrophy","Autosomal dominant inheritance","Dysphagia","Dysarthria","Adult onset","Muscle spasm","Fasciculations","Sleep apnea","Amyotrophic lateral sclerosis","Pseudobulbar paralysis","Autosomal recessive inheritance","Muscle weakness","Spasticity","Autosomal dominant inheritance","Degeneration of the lateral corticospinal tracts","Hyperreflexia"],"alternative_names ":["AMYOTROPHIC LATERAL SCLEROSIS 1, FAMILIAL","AMYOTROPHIC LATERAL SCLEROSIS 1, AUTOSOMAL DOMINANT"]}
{"_id":{"$oid":"64f7a2003c72cb4bfc18e4f9"},"omim_id":116920,"disease_name":"LEUKOCYTE ADHESION DEFICIENCY, TYPE I","disease_symbol":"LAD1","alternative_names":["LEUKOCYTE ADHESION DEFICIENCY","LYMPHOCYTE FUNCTION-ASSOCIATED ANTIGEN 1 IMMUNODEFICIENCY","LFA1 IMMUNODEFICIENCY"],"inheritance":["AR"],"onset":"Childhood","gene_name":"ITGB2","gene_id":600065.0,"genomic_location":"21q22.3","summary":null,"classification":["Diseases of the blood and blood-forming organs and certain disorders involving the immune mechanism","Certain disorders involving the immune mechanism","Other immunodeficiencies","Other specified immunodeficiencies","Diseases of the skin and subcutaneous tissue","Bullous disorders","Pemphigus","Other pemphigus"],"icd_10":"D84.8","external_links":"ORPHA99842","references":12488604,"hpo_annotations":["HP:0000230","HP:0001058","HP:0005224","HP:0005420","HP:0011899","HP:0032434","HP:0032435","HP:0011227","HP:0002719","HP:0000704","HP:0002728","HP:0002718","HP:0000007","HP:0007499","HP:0200042","HP:0002028","HP:0001974","HP:0003623","HP:0002754"],"hpo_terms":["Gingivitis","Poor wound healing","Rectal abscess","Recurrent gram-negative bacterial infections","Hyperfibrinogenemia","Delayed umbilical cord separation","Neonatal omphalitis","Elevated circulating C-reactive protein concentration","Recurrent infections","Periodontitis","Chronic mucocutaneous candidiasis","Recurrent bacterial infections","Autosomal recessive inheritance","Recurrent staphylococcal infections","Skin ulcer","Chronic diarrhea","Leukocytosis","Neonatal onset","Osteomyelitis\n"],"alternative_names ":["LEUKOCYTE ADHESION DEFICIENCY","LYMPHOCYTE FUNCTION-ASSOCIATED ANTIGEN 1 IMMUNODEFICIENCY","LFA1 IMMUNODEFICIENCY"]}
{"_id":{"$oid":"64f7a2003c72cb4bfc18e4fa"},"omim_id":125800,"disease_name":"DIABETES INSIPIDUS, NEPHROGENIC, 2, AUTOSOMAL","disease_symbol":"NDI2","alternative_names":["DIABETES INSIPIDUS, NEPHROGENIC, TYPE II"],"inheritance":["AD","AR"],"onset":"Infancy, Neonatal","gene_name":"AQP2","gene_id":107777.0,"genomic_location":"12q13.12","summary":null,"classification":["Diseases of the genitourinary system","Other disorders of kidney and ureter","Disorders resulting from impaired renal tubular function","Nephrogenic diabetes insipidus"],"icd_10":"N25.1","external_links":"ORPHA223","references":19147915,"hpo_annotations":["HP:0009806","HP:0004322","HP:0002013","HP:0001250","HP:0001508","HP:0001959","HP:0000737","HP:0001955","HP:0000007","HP:0008872","HP:0003228","HP:0000103","HP:0002019","HP:0000006","HP:0001986"],"hpo_terms":["Nephrogenic diabetes insipidus","Short stature","Vomiting","Seizure","Failure to thrive","Polydipsia","Irritability","Unexplained fevers","Autosomal recessive inheritance","Feeding difficulties in infancy","Hypernatremia","Polyuria","Constipation","Autosomal dominant inheritance","Hypertonic dehydration"],"alternative_names ":["DIABETES INSIPIDUS, NEPHROGENIC, TYPE II"]}
{"_id":{"$oid":"64f7a2003c72cb4bfc18e4fb"},"omim_id":271640,"disease_name":"SPONDYLOEPIMETAPHYSEAL DYSPLASIA WITH JOINT LAXITY, TYPE 1, WITH OR WITHOUT FRACTURES","disease_symbol":"SEMDJL1","alternative_names":["SEMDJL"],"inheritance":["AR"],"onset":"NOT AVAILABLE","gene_name":"B3GALT6","gene_id":615291.0,"genomic_location":"1p36.33","summary":null,"classification":["Congenital malformations, deformations and chromosomal abnormalities","Congenital malformations and deformations of the musculoskeletal system","Osteochondrodysplasia with defects of growth of tubular bones and spine","Spondyloepiphyseal dysplasia"],"icd_10":"Q77.7","external_links":"ORPHA642099","references":18256824,"hpo_annotations":["HP:0003510","HP:0011220","HP:0000926","HP:0000520","HP:0012368","HP:0000592","HP:0000545"],"hpo_terms":["Severe short stature","Prominent forehead","Platyspondyly","Proptosis","Flat face","Blue sclerae","Myopia"],"alternative_names ":["SEMDJL"]}
{"_id":{"$oid":"64f7a2003c72cb4bfc18e4fc"},"omim_id":277900,"disease_name":"WILSON DISEASE","disease_symbol":"WND","alternative_names":["WD","HEPATOLENTICULAR DEGENERATION"],"inheritance":["AR"],"onset":"Adolescent, Adult, Elderly, Childhood","gene_name":"ATP7B","gene_id":606882.0,"genomic_location":"13q14.3","summary":null,"classification":["Endocrine, nutritional and metabolic diseases","Metabolic disorders","Disorders of mineral metabolism","Disorders of copper metabolism"],"icd_10":"E83.0","external_links":"ORPHA905","references":20036408,"hpo_annotations":["HP:0002063","HP:0003073","HP:0003270","HP:0011463","HP:0011462","HP:0006554","HP:0000952","HP:0010838","HP:0031956","HP:0010837","HP:0001541","HP:0001260","HP:0010839","HP:0002071","HP:0006580","HP:0000969","HP:0002904","HP:0032254","HP:0004409","HP:0000007","HP:0002548","HP:0002307","HP:0200032","HP:0000762","HP:0001337","HP:0001397","HP:0033748","HP:0001399","HP:0002240","HP:0001394","HP:0010741","HP:0003690","HP:0031964","HP:0100785","HP:0001903","HP:0025710","HP:0001744","HP:0003621","HP:0002378","HP:0002375","HP:0002013","HP:0002451","HP:0033834","HP:0025709","HP:0034254","HP:0001873","HP:0001873","HP:0003537"],"hpo_terms":["Rigidity","Hypoalbuminemia","Abdominal distention","Childhood onset","Young adult onset","Acute hepatic failure","Jaundice","High nonceruloplasmin-bound serum copper","Elevated circulating aspartate aminotransferase concentration","Decreased circulating ceruloplasmin concentration","Ascites","Dysarthria","Increased urinary copper concentration","Abnormality of extrapyramidal motor function","Portal fibrosis","Edema","Hyperbilirubinemia","Increased circulating copper concentration","Hyposmia","Autosomal recessive inheritance","Parkinsonism with favorable response to dopaminergic medication","Drooling","Kayser-Fleischer ring","Decreased nerve conduction velocity","Tremor","Hepatic steatosis","Hypoesthesia","Hepatic failure","Hepatomegaly","Cirrhosis","Pedal edema","Limb muscle weakness","Elevated circulating alanine aminotransferase concentration","Insomnia","Anemia","Late young adult onset","Splenomegaly","Juvenile onset","Hand tremor","Hypokinesia","Vomiting","Limb dystonia","Malaise","Intermediate young adult onset","Face of the giant panda sign","Thrombocytopenia","Thrombocytopenia","Hypouricemia"],"alternative_names ":["WD","HEPATOLENTICULAR DEGENERATION"]}
{"_id":{"$oid":"64f7a2003c72cb4bfc18e4fd"},"omim_id":256000,"disease_name":"LEIGH SYNDROME","disease_symbol":"LS","alternative_names":["NECROTIZING ENCEPHALOPATHY","INFANTILE SUBACUTE"," OF LEIGH; SNE"],"inheritance":["AR","Mitochondrial inheritance"],"onset":"Childhood, Infancy","gene_name":"MTND2","gene_id":null,"genomic_location":null,"summary":null,"classification":["Diseases of the nervous system\n","Other degenerative diseases of the nervous system\n","Other degenerative diseases of nervous system, not elsewhere classified\n","Other specified degenerative diseases of nervous system"],"icd_10":"E88.8","external_links":"ORPHA:255210","references":34943053,"hpo_annotations":["HP:0033249","HP:0011463","HP:0000407"],"hpo_terms":["Focal substantia nigra T2 hyperintensity","Childhood onset","Sensorineural hearing impairment"],"alternative_names ":["NECROTIZING ENCEPHALOPATHY","INFANTILE SUBACUTE"," OF LEIGH; SNE"]}
{"_id":{"$oid":"64f7a2003c72cb4bfc18e4fe"},"omim_id":608751,"disease_name":"CARDIOMYOPATHY, FAMILIAL HYPERTROPHIC, 8","disease_symbol":"CMH8","alternative_names":["CARDIOMYOPATHY, HYPERTROPHIC, MID-LEFT VENTRICULAR CHAMBER TYPE, 1"],"inheritance":["AR","AD"],"onset":null,"gene_name":"MYL3","gene_id":160790.0,"genomic_location":"3p21.31","summary":null,"classification":null,"icd_10":"I42.1 I42.2","external_links":null,"references":22959438,"hpo_annotations":["HP:0003621","HP:0010872","HP:0012664","HP:0001639","HP:0031295","HP:0000007","HP:0001723","HP:0001712","HP:0006685","HP:0000006"],"hpo_terms":["Juvenile onset","T-wave inversion","Reduced left ventricular ejection fraction","Hypertrophic cardiomyopathy","Left atrial enlargement","Autosomal recessive inheritance","Restrictive cardiomyopathy","Left ventricular hypertrophy","Endocardial fibrosis","Autosomal dominant inheritance"],"alternative_names ":["CARDIOMYOPATHY, HYPERTROPHIC, MID-LEFT VENTRICULAR CHAMBER TYPE, 1"]}
{"_id":{"$oid":"64f7a2003c72cb4bfc18e4ff"},"omim_id":607822,"disease_name":"ALZHEIMER DISEASE 3","disease_symbol":"AD3","alternative_names":["ALZHEIMER DISEASE 3, EARLY-ONSET\n$ALZHEIMER DISEASE, FAMILIAL, 3"],"inheritance":["AD"],"onset":"Adult","gene_name":"PSEN1","gene_id":607822.0,"genomic_location":"14q24.2","summary":null,"classification":null,"icd_10":"G30.0","external_links":"ORPHA:1020","references":33169934,"hpo_annotations":["HP:0002015","HP:0031868","HP:0001288","HP:0001332","HP:0002354","HP:0003487","HP:0001250$","HP:0002120","HP:0002186","HP:0002395","HP:0001260","HP:0001285","HP:0003581","HP:0002185","HP:0002071","HP:0010524","HP:0000726","HP:0000751","HP:0000006","HP:0002511","HP:0001336","HP:0003678"],"hpo_terms":["Dysphagia","Optic ataxia","Gait disturbance","Dystonia","Memory impairment","Babinski sign","Seizure","Cerebral cortical atrophy","Apraxia","Lower limb hyperreflexia","Dysarthria$Spastic tetraparesis","Adult onset","Neurofibrillary tangles","Abnormality of extrapyramidal motor function","Agnosia$Dementia","Personality changes","Autosomal dominant inheritance","Alzheimer disease","Rapidly progressive","Myoclonus"],"alternative_names ":["ALZHEIMER DISEASE 3, EARLY-ONSET\n$ALZHEIMER DISEASE, FAMILIAL, 3"]}
{"_id":{"$oid":"64f7a2003c72cb4bfc18e500"},"omim_id":609049,"disease_name":"PIERSON SYNDROME","disease_symbol":"PIERS","alternative_names":["MICROCORIA-CONGENITAL NEPHROTIC SYNDROME"],"inheritance":["AR"],"onset":"Neonatal, Childhood","gene_name":"LAMB2","gene_id":150325.0,"genomic_location":"3p21.31","summary":null,"classification":["Congenital malformations, deformations and chromosomal abnormalities\n$Congenital malformations of eye, ear, face and neck\n$Congenital malformations of anterior segment of eye\n$Other congenital malformations of anterior segment of eye"],"icd_10":"Q13.8","external_links":"ORPHA:2670","references":29673759,"hpo_annotations":["HP:0003774","HP:0003577","HP:0000541","HP:0000100","HP:0001252","HP:0001270","HP:0012841","HP:0000518","HP:0000618","HP:0004719","HP:0000558","HP:0001967","HP:0025358","HP:0001104","HP:0003623","HP:0001265","HP:0001562","HP:0000253","HP:0003202","HP:0000252","HP:0007968","HP:0000573","HP:0011968","HP:0001263","HP:0001284","HP:0033454","HP:0000093","HP:0011003","HP:0025492","HP:0032988","HP:0011502","HP:0003819","HP:0000969","HP:0000822","HP:0000007","HP:0007894","HP:0000568","HP:0007774","HP:0007676"],"hpo_terms":["Stage 5 chronic kidney disease","Congenital onset","Retinal detachment","Nephrotic syndrome","Hypotonia","Motor delay","Retinal vascular tortuosity","Cataract","Blindness","Hyperechogenic kidneys","Rieger anomaly","Diffuse mesangial sclerosis","Uveal ectropion","Macular hypoplasia","Neonatal onset","Hyporeflexia","Oligohydramnios","Progressive microcephaly","Skeletal muscle atrophy","Microcephaly","Remnants of the hyaloid vascular system","Retinal hemorrhage","Feeding difficulties","Global developmental delay","Areflexia","Tube feeding","Proteinuria","High myopia","Microcoria","Persistent head lag","Posterior lenticonus","Death in childhood","Edema","Hypertension","Autosomal recessive inheritance","Hypopigmentation of the fundus","Microphthalmia","Hypoplasia of the ciliary body","Hypoplasia of the iris"],"alternative_names ":["MICROCORIA-CONGENITAL NEPHROTIC SYNDROME"]}
{"_id":{"$oid":"64f7a2003c72cb4bfc18e501"},"omim_id":312870,"disease_name":"Simpson-Golabi-Behmel syndrome, type 1","disease_symbol":"SGBS1","alternative_names":["SGBS\nBULLDOG SYNDROME\nDYSPLASIA GIGANTISM SYNDROME, X-LINKED"," DGSX\nGOLABI-ROSEN SYNDROME\nSIMPSON DYSMORPHIA SYNDROME"," SDYS"],"inheritance":["X-linked recessive"],"onset":"infancy, childhood, neonatal, antenatal","gene_name":"GPC3","gene_id":300037.0,"genomic_location":"Xq26.2","summary":null,"classification":["Congenital malformations, deformations and chromosomal abnormalities "," Other congenital malformations "," Other specified congenital malformation syndromes affecting multiple systems ","Congenital malformation syndromes involving early overgrowth"],"icd_10":"Q87.3","external_links":"ORPHA:373","references":26692054,"hpo_annotations":["HP:0002023","HP:0000243","HP:0003196","HP:0012471","HP:0000998","HP:0000879","HP:0008416","HP:0000494","HP:0008523","HP:0000768","HP:0003517","HP:0000126","HP:0002884","HP:0000189","HP:0000463","HP:0001274","HP:0002240","HP:0001270","HP:0001548","HP:0000337","HP:0006610","HP:0000212","HP:0001667","HP:0001561","HP:0004279","HP:0000750","HP:0001799","HP:0002643","HP:0000286","HP:0001252","HP:0000280","HP:0009381","HP:0000316","HP:0000158","HP:0001642","HP:0000297","HP:0001540","HP:0000175","HP:0001419","HP:0011330","HP:0001537","HP:0000023","HP:0004464","HP:0001629","HP:0002711","HP:0002558","HP:0000773","HP:0000256","HP:0001744","HP:0000776","HP:0000154","HP:0000431","HP:0009908","HP:0005160","HP:0005280","HP:0001631","HP:0000303"],"hpo_terms":["Anal atresia","Trigonocephaly","Short nose","Thick vermilion border","Hypertrichosis","Short sternum","Six lumbar vertebrae","Downslanted palpebral fissures","Posterior helix pit","Pectus carinatum","Birth length greater than 97th percentile","Hydronephrosis","Hepatoblastoma","Narrow palate","Anteverted nares","Agenesis of corpus callosum","Hepatomegaly","Motor delay","Overgrowth","Broad forehead","Wide intermamillary distance","Gingival overgrowth","Right ventricular hypertrophy","Polyhydramnios","Short palm","Delayed speech and language development","Short nail","Neonatal respiratory distress","Epicanthus","Hypotonia\nCoarse facial features","Short finger","Hypertelorism","Macroglossia","Pulmonic stenosis","Facial hypotonia","Diastasis recti","Cleft palate","X-linked recessive inheritance","Metopic synostosis","Umbilical hernia","Inguinal hernia","Postauricular pit","Ventricular septal defect","Exaggerated median tongue furrow","Supernumerary nipple","Short ribs","Macrocephaly","Splenomegaly","Congenital diaphragmatic hernia","Wide mouth","Wide nasal bridge","Anterior creases of earlobe","Total anomalous pulmonary venous return","Depressed nasal bridge","Atrial septal defect","Mandibular prognathia"],"alternative_names ":["SGBS\nBULLDOG SYNDROME\nDYSPLASIA GIGANTISM SYNDROME, X-LINKED"," DGSX\nGOLABI-ROSEN SYNDROME\nSIMPSON DYSMORPHIA SYNDROME"," SDYS"]}
