{"_id":{"$oid":"65ad80ad6657d820e675221a"},"disease":"ECTODERMAL DYSPLASIA, HYPOHIDROTIC, AR","omim_number":224900,"patient_number":"","family_count":1,"origin":"","prevalence_per_1000":"","incidence":"","References":16246000}
{"_id":{"$oid":"65ad80ad6657d820e675221b"},"disease":"HYPOBETALIPOPROTEINEMIA, FAMILIAL","omim_number":200100,"patient_number":1.0,"family_count":1,"origin":"Tunis","prevalence_per_1000":"","incidence":"","References":19056372}
{"_id":{"$oid":"65ad80ad6657d820e675221c"},"disease":"Fanconi anemia, FA ","omim_number":227650,"patient_number":"","family_count":"1 family","origin":"Central Tunisia","prevalence_per_1000":"","incidence":"","References":12827451}
{"_id":{"$oid":"65ad80ad6657d820e675221d"},"disease":231550,"omim_number":"Allgrove syndrome","patient_number":5.0,"family_count":"","origin":"Tunisia","prevalence_per_1000":"","incidence":"","References":11062474}
