{"_id":{"$oid":"64f7a796caae0087be7ac4be"},"unnamed_0_x":"Some value","database_id":"123","disease_name":"Some disease","hpo_id":"HP:0001250","__v":0}
{"_id":{"$oid":"64f7a7bc6c9c77015deef3e9"},"unnamed_0_x":"Some value","database_id":"123","disease_name":"Some disease","hpo_id":"HP:0001250","__v":0}
{"_id":{"$oid":"64f7a7df4a44e89b6e7aa19b"},"unnamed_0_x":"Some value","database_id":"123","disease_name":"Some disease","hpo_id":"HP:0001250","__v":0}
{"_id":{"$oid":"64f7a84d3ba6692ed9c2ff8d"},"unnamed_0_x":"Some value","database_id":"123","disease_name":"Some disease","hpo_id":"HP:0001250","__v":0}
{"_id":{"$oid":"64f7ada38e959ffb894d6120"},"unnamed_0_x":"Some value","database_id":"123","disease_name":"Some disease","hpo_id":"HP:0001250","__v":0}
{"_id":{"$oid":"64f7ae07a06523d3d3e5848f"},"unnamed_0_x":"Some value","database_id":"123","disease_name":"Some disease","hpo_id":"HP:0001250","__v":0}
{"_id":{"$oid":"64f7ae1ae7d2ef1e73b348a4"},"unnamed_0_x":"Some value","database_id":"123","disease_name":"Some disease","hpo_id":"HP:0001250","__v":0}
{"_id":{"$oid":"64f7ae93eb2ee4a37222bb13"},"unnamed_0_x":"Some value","database_id":"123","disease_name":"Some disease","hpo_id":"HP:0001250","__v":0}
{"_id":{"$oid":"64f7b33d1234420e70dab67d"},"unnamed_0_x":"Some value","database_id":"123","disease_name":"Some disease","hpo_id":"HP:0001250","__v":0}
{"_id":{"$oid":"64f7b34ee7caff7006bee7d7"},"unnamed_0_x":"Some value","database_id":"123","disease_name":"Some disease","hpo_id":"HP:0001250","__v":0}
{"_id":{"$oid":"64f7b365f8965b514ba7bd8a"},"unnamed_0_x":"Some value","database_id":"123","disease_name":"Some disease","hpo_id":"HP:0001250","__v":0}
{"_id":{"$oid":"64f86a67bf44dd41f9b3a841"},"unnamed_0_x":"Some value","database_id":"123","disease_name":"Some disease","hpo_id":"HP:0001250","__v":0}
{"_id":{"$oid":"64f86abf5ba973adde649a91"},"unnamed_0_x":"Some value","database_id":"123","disease_name":"Some disease","hpo_id":"HP:0001250","__v":0}
{"_id":{"$oid":"64f86af3ded72a5e4f53f250"},"unnamed_0_x":"Some value","database_id":"123","disease_name":"Some disease","hpo_id":"HP:0001250","__v":0}
{"_id":{"$oid":"64f86f79574014acdde70f9d"},"unnamed_0_x":"Some value","database_id":"123","disease_name":"Some disease","hpo_id":"HP:0001250","__v":0}
{"_id":{"$oid":"64f8728993509ec859788913"},"unnamed_0_x":"Some value","database_id":"123","disease_name":"Some disease","hpo_id":"HP:0001250","__v":0}
{"_id":{"$oid":"64f872cb08a60aa1363438c3"},"unnamed_0_x":"Some value","database_id":"123","disease_name":"Some disease","hpo_id":"HP:0001250","__v":0}
{"_id":{"$oid":"64f87c660913c570b7e4836f"},"unnamed_0_x":"Some value","database_id":"123","disease_name":"Some disease","hpo_id":"HP:0001250","__v":0}
{"_id":{"$oid":"64f87ca6588e6a6dd1a719ea"},"unnamed_0_x":"Some value","database_id":"123","disease_name":"Some disease","hpo_id":"HP:0001250","__v":0}
{"_id":{"$oid":"64f87cd04c51de25356b84aa"},"unnamed_0_x":"Some value","database_id":"123","disease_name":"Some disease","hpo_id":"HP:0001250","__v":0}
{"_id":{"$oid":"64f87d3d83fa5806bc4d595e"},"unnamed_0_x":"Some value","database_id":"123","disease_name":"Some disease","hpo_id":"HP:0001250","__v":0}
{"_id":{"$oid":"64f88010f36335d4dc6b0011"},"unnamed_0_x":"Some value","database_id":"123","disease_name":"Some disease","hpo_id":"HP:0001250","__v":0}
{"_id":{"$oid":"651c7c419eb7fb1de3413b2c"},"unnamed_0_x":"Some value","database_id":"123","disease_name":"Some disease","hpo_id":"HP:0001250","__v":0}
{"_id":{"$oid":"651c7c9f835e649a07b761e2"},"unnamed_0_x":"Some value","database_id":"123","disease_name":"Some disease","hpo_id":"HP:0001250","__v":0}
{"_id":{"$oid":"651c7cdd7aa8e110d3698ad6"},"unnamed_0_x":"Some value","database_id":"123","disease_name":"Some disease","hpo_id":"HP:0001250","__v":0}
{"_id":{"$oid":"651c7d92f16b470cdec81b98"},"unnamed_0_x":"Some value","database_id":"123","disease_name":"Some disease","hpo_id":"HP:0001250","__v":0}
{"_id":{"$oid":"651c7db799e247756c7cc6c5"},"unnamed_0_x":"Some value","database_id":"123","disease_name":"Some disease","hpo_id":"HP:0001250","__v":0}
{"_id":{"$oid":"651c7ecabdca7b5b362fe12a"},"unnamed_0_x":"Some value","database_id":"123","disease_name":"Some disease","hpo_id":"HP:0001250","__v":0}
{"_id":{"$oid":"651c7ed7ae61bd9264c0214b"},"unnamed_0_x":"Some value","database_id":"123","disease_name":"Some disease","hpo_id":"HP:0001250","__v":0}
{"_id":{"$oid":"651c7f87115b6793d54c20e2"},"unnamed_0_x":"Some value","database_id":"123","disease_name":"Some disease","hpo_id":"HP:0001250","__v":0}
{"_id":{"$oid":"651c7f89e82bcf727a4f61b7"},"unnamed_0_x":"Some value","database_id":"123","disease_name":"Some disease","hpo_id":"HP:0001250","__v":0}
{"_id":{"$oid":"651c8029d9714ce3c0494bb4"},"unnamed_0_x":"Some value","database_id":"123","disease_name":"Some disease","hpo_id":"HP:0001250","__v":0}
{"_id":{"$oid":"651c8071294a58e97486dc07"},"unnamed_0_x":"Some value","database_id":"123","disease_name":"Some disease","hpo_id":"HP:0001250","__v":0}
{"_id":{"$oid":"651c95319f2051600b25ebdf"},"unnamed_0_x":"Some value","database_id":"123","disease_name":"Some disease","hpo_id":"HP:0001250","__v":0}
{"_id":{"$oid":"651c959dfcdf55bf783feacc"},"unnamed_0_x":"Some value","database_id":"123","disease_name":"Some disease","hpo_id":"HP:0001250","__v":0}
{"_id":{"$oid":"651c9641b240b78825cb8f8d"},"unnamed_0_x":"Some value","database_id":"123","disease_name":"Some disease","hpo_id":"HP:0001250","__v":0}
{"_id":{"$oid":"651c968ef60cebb87c3e3a2b"},"unnamed_0_x":"Some value","database_id":"123","disease_name":"Some disease","hpo_id":"HP:0001250","__v":0}
{"_id":{"$oid":"651c96a175d9faa0a034b1cf"},"unnamed_0_x":"Some value","database_id":"123","disease_name":"Some disease","hpo_id":"HP:0001250","__v":0}
{"_id":{"$oid":"651c96dd02b68bc2cd030de7"},"unnamed_0_x":"Some value","database_id":"123","disease_name":"Some disease","hpo_id":"HP:0001250","__v":0}
{"_id":{"$oid":"651c96f466ac81159521323b"},"unnamed_0_x":"Some value","database_id":"123","disease_name":"Some disease","hpo_id":"HP:0001250","__v":0}
{"_id":{"$oid":"651c96fbd3426060a495d3b0"},"unnamed_0_x":"Some value","database_id":"123","disease_name":"Some disease","hpo_id":"HP:0001250","__v":0}
{"_id":{"$oid":"651c97826524f4eee036ce41"},"unnamed_0_x":"Some value","database_id":"123","disease_name":"Some disease","hpo_id":"HP:0001250","__v":0}
{"_id":{"$oid":"651c979749caf891cd29bd16"},"unnamed_0_x":"Some value","database_id":"123","disease_name":"Some disease","hpo_id":"HP:0001250","__v":0}
{"_id":{"$oid":"651c97eabee19895643b6eb0"},"unnamed_0_x":"Some value","database_id":"123","disease_name":"Some disease","hpo_id":"HP:0001250","__v":0}
{"_id":{"$oid":"651d6eb56cf1056e6e9b4f88"},"unnamed_0_x":"Some value","database_id":"123","disease_name":"Some disease","hpo_id":"HP:0001250","__v":0}
{"_id":{"$oid":"6520010812b32ab5a65bab1e"},"unnamed_0_x":"Some value","database_id":"123","disease_name":"Some disease","hpo_id":"HP:0001250","__v":0}
{"_id":{"$oid":"6524658651bce32dd34f95aa"},"unnamed_0_x":"Some value","database_id":"123","disease_name":"Some disease","hpo_id":"HP:0001250","__v":0}
{"_id":{"$oid":"652469717c7366e514d737f9"},"unnamed_0_x":"Some value","database_id":"123","disease_name":"Some disease","hpo_id":"HP:0001250","__v":0}
{"_id":{"$oid":"652469ac6f251079fc7d5d00"},"unnamed_0_x":"Some value","database_id":"123","disease_name":"Some disease","hpo_id":"HP:0001250","__v":0}
{"_id":{"$oid":"65246c0644a5677f15f4f4ee"},"unnamed_0_x":"Some value","database_id":"123","disease_name":"Some disease","hpo_id":"HP:0001250","__v":0}
{"_id":{"$oid":"65246c0f33c983a0ede4797e"},"unnamed_0_x":"Some value","database_id":"123","disease_name":"Some disease","hpo_id":"HP:0001250","__v":0}
{"_id":{"$oid":"65246cea2ed2490a5565bc25"},"unnamed_0_x":"Some value","database_id":"123","disease_name":"Some disease","hpo_id":"HP:0001250","__v":0}
{"_id":{"$oid":"65246d0335180702f4b9e054"},"unnamed_0_x":"Some value","database_id":"123","disease_name":"Some disease","hpo_id":"HP:0001250","__v":0}
{"_id":{"$oid":"65246d120f73ebb8affd4b6d"},"unnamed_0_x":"Some value","database_id":"123","disease_name":"Some disease","hpo_id":"HP:0001250","__v":0}
{"_id":{"$oid":"65246d198182a0363e26d1a4"},"unnamed_0_x":"Some value","database_id":"123","disease_name":"Some disease","hpo_id":"HP:0001250","__v":0}
{"_id":{"$oid":"65246d303251178a0c576deb"},"unnamed_0_x":"Some value","database_id":"123","disease_name":"Some disease","hpo_id":"HP:0001250","__v":0}
{"_id":{"$oid":"65246d52b05d9fdf185d76d8"},"unnamed_0_x":"Some value","database_id":"123","disease_name":"Some disease","hpo_id":"HP:0001250","__v":0}
{"_id":{"$oid":"65246d61fbe011aa404a4b62"},"unnamed_0_x":"Some value","database_id":"123","disease_name":"Some disease","hpo_id":"HP:0001250","__v":0}
{"_id":{"$oid":"65246d76e0d0b59cd50b11bd"},"unnamed_0_x":"Some value","database_id":"123","disease_name":"Some disease","hpo_id":"HP:0001250","__v":0}
{"_id":{"$oid":"65246d823ba5aba7523ba988"},"unnamed_0_x":"Some value","database_id":"123","disease_name":"Some disease","hpo_id":"HP:0001250","__v":0}
{"_id":{"$oid":"65246d9cca51595641bcacb3"},"unnamed_0_x":"Some value","database_id":"123","disease_name":"Some disease","hpo_id":"HP:0001250","__v":0}
{"_id":{"$oid":"65246dae567346267c9fa6f8"},"unnamed_0_x":"Some value","database_id":"123","disease_name":"Some disease","hpo_id":"HP:0001250","__v":0}
{"_id":{"$oid":"65246df99d76ec059ee5cb26"},"unnamed_0_x":"Some value","database_id":"123","disease_name":"Some disease","hpo_id":"HP:0001250","__v":0}
{"_id":{"$oid":"65246e2a751abebd09f5c65a"},"unnamed_0_x":"Some value","database_id":"123","disease_name":"Some disease","hpo_id":"HP:0001250","__v":0}
{"_id":{"$oid":"65246e3e01d05ebe75dc0089"},"unnamed_0_x":"Some value","database_id":"123","disease_name":"Some disease","hpo_id":"HP:0001250","__v":0}
{"_id":{"$oid":"65246e91b0c6b1c6295bdf13"},"unnamed_0_x":"Some value","database_id":"123","disease_name":"Some disease","hpo_id":"HP:0001250","__v":0}
{"_id":{"$oid":"65246eb7d842b7f4217a8c3a"},"unnamed_0_x":"Some value","database_id":"123","disease_name":"Some disease","hpo_id":"HP:0001250","__v":0}
{"_id":{"$oid":"65246ebdb627bac6b91b457f"},"unnamed_0_x":"Some value","database_id":"123","disease_name":"Some disease","hpo_id":"HP:0001250","__v":0}
{"_id":{"$oid":"65246ec486192383128e4107"},"unnamed_0_x":"Some value","database_id":"123","disease_name":"Some disease","hpo_id":"HP:0001250","__v":0}
{"_id":{"$oid":"65246f0cac59d224e987142b"},"unnamed_0_x":"Some value","database_id":"123","disease_name":"Some disease","hpo_id":"HP:0001250","__v":0}
{"_id":{"$oid":"65246f0edde038d6f140eb40"},"unnamed_0_x":"Some value","database_id":"123","disease_name":"Some disease","hpo_id":"HP:0001250","__v":0}
{"_id":{"$oid":"65246f16131a305817a4f208"},"unnamed_0_x":"Some value","database_id":"123","disease_name":"Some disease","hpo_id":"HP:0001250","__v":0}
{"_id":{"$oid":"65246f3597063cd0d90ff5f6"},"unnamed_0_x":"Some value","database_id":"123","disease_name":"Some disease","hpo_id":"HP:0001250","__v":0}
{"_id":{"$oid":"65246f51aae2e09f9b0c69fc"},"unnamed_0_x":"Some value","database_id":"123","disease_name":"Some disease","hpo_id":"HP:0001250","__v":0}
{"_id":{"$oid":"65246f60e85cbd04f05c7530"},"unnamed_0_x":"Some value","database_id":"123","disease_name":"Some disease","hpo_id":"HP:0001250","__v":0}
{"_id":{"$oid":"65246fa30378e51d6366ff8b"},"unnamed_0_x":"Some value","database_id":"123","disease_name":"Some disease","hpo_id":"HP:0001250","__v":0}
{"_id":{"$oid":"65246fbaf6c6e58cfb3cda7e"},"unnamed_0_x":"Some value","database_id":"123","disease_name":"Some disease","hpo_id":"HP:0001250","__v":0}
{"_id":{"$oid":"65246fc117fcd146942556a8"},"unnamed_0_x":"Some value","database_id":"123","disease_name":"Some disease","hpo_id":"HP:0001250","__v":0}
{"_id":{"$oid":"65246ff7edbc73c8be22168c"},"unnamed_0_x":"Some value","database_id":"123","disease_name":"Some disease","hpo_id":"HP:0001250","__v":0}
{"_id":{"$oid":"6524708255e0312337cd3078"},"unnamed_0_x":"Some value","database_id":"123","disease_name":"Some disease","hpo_id":"HP:0001250","__v":0}
{"_id":{"$oid":"652470b5138f280b2ee04e0f"},"unnamed_0_x":"Some value","database_id":"123","disease_name":"Some disease","hpo_id":"HP:0001250","__v":0}
{"_id":{"$oid":"652470b7ccd5baf0d4d8a3d5"},"unnamed_0_x":"Some value","database_id":"123","disease_name":"Some disease","hpo_id":"HP:0001250","__v":0}
{"_id":{"$oid":"652470d6e3ccc8839b34509f"},"unnamed_0_x":"Some value","database_id":"123","disease_name":"Some disease","hpo_id":"HP:0001250","__v":0}
{"_id":{"$oid":"65247126c37c1dfb595bcb55"},"unnamed_0_x":"Some value","database_id":"123","disease_name":"Some disease","hpo_id":"HP:0001250","__v":0}
{"_id":{"$oid":"6524712f9286e49de19a3418"},"unnamed_0_x":"Some value","database_id":"123","disease_name":"Some disease","hpo_id":"HP:0001250","__v":0}
{"_id":{"$oid":"652471677279a9aded235e6a"},"unnamed_0_x":"Some value","database_id":"123","disease_name":"Some disease","hpo_id":"HP:0001250","__v":0}
{"_id":{"$oid":"652471994b8cbf3296d0e0a6"},"unnamed_0_x":"Some value","database_id":"123","disease_name":"Some disease","hpo_id":"HP:0001250","__v":0}
{"_id":{"$oid":"6524719b68cce9af5968b72b"},"unnamed_0_x":"Some value","database_id":"123","disease_name":"Some disease","hpo_id":"HP:0001250","__v":0}
{"_id":{"$oid":"652471cc8cac58fa12a79928"},"unnamed_0_x":"Some value","database_id":"123","disease_name":"Some disease","hpo_id":"HP:0001250","__v":0}
{"_id":{"$oid":"652471d8847e175018efd00b"},"unnamed_0_x":"Some value","database_id":"123","disease_name":"Some disease","hpo_id":"HP:0001250","__v":0}
{"_id":{"$oid":"65247204127bf5c8800492ac"},"unnamed_0_x":"Some value","database_id":"123","disease_name":"Some disease","hpo_id":"HP:0001250","__v":0}
{"_id":{"$oid":"652472554c50fa8572c0cb03"},"unnamed_0_x":"Some value","database_id":"123","disease_name":"Some disease","hpo_id":"HP:0001250","__v":0}
{"_id":{"$oid":"6524726010adb44883f27bbd"},"unnamed_0_x":"Some value","database_id":"123","disease_name":"Some disease","hpo_id":"HP:0001250","__v":0}
{"_id":{"$oid":"6524727a1d9a039adede3351"},"unnamed_0_x":"Some value","database_id":"123","disease_name":"Some disease","hpo_id":"HP:0001250","__v":0}
{"_id":{"$oid":"652472bcfa4858567b0381d9"},"unnamed_0_x":"Some value","database_id":"123","disease_name":"Some disease","hpo_id":"HP:0001250","__v":0}
{"_id":{"$oid":"652472d2351abaa2cce795bb"},"unnamed_0_x":"Some value","database_id":"123","disease_name":"Some disease","hpo_id":"HP:0001250","__v":0}
{"_id":{"$oid":"652472d6072c62d26211c4e8"},"unnamed_0_x":"Some value","database_id":"123","disease_name":"Some disease","hpo_id":"HP:0001250","__v":0}
{"_id":{"$oid":"6524737f1a15641015e3e183"},"unnamed_0_x":"Some value","database_id":"123","disease_name":"Some disease","hpo_id":"HP:0001250","__v":0}
{"_id":{"$oid":"652475997504a47c00d0a71c"},"unnamed_0_x":"Some value","database_id":"123","disease_name":"Some disease","hpo_id":"HP:0001250","__v":0}
{"_id":{"$oid":"652475f88eeaaf02674c8248"},"unnamed_0_x":"Some value","database_id":"123","disease_name":"Some disease","hpo_id":"HP:0001250","__v":0}
{"_id":{"$oid":"652476adb876372b32f65303"},"unnamed_0_x":"Some value","database_id":"123","disease_name":"Some disease","hpo_id":"HP:0001250","__v":0}
{"_id":{"$oid":"652476c600f2e310befd1089"},"unnamed_0_x":"Some value","database_id":"123","disease_name":"Some disease","hpo_id":"HP:0001250","__v":0}
{"_id":{"$oid":"652476d1d7ff4e5717ec7bdd"},"unnamed_0_x":"Some value","database_id":"123","disease_name":"Some disease","hpo_id":"HP:0001250","__v":0}
{"_id":{"$oid":"65247712b835ed047d102512"},"unnamed_0_x":"Some value","database_id":"123","disease_name":"Some disease","hpo_id":"HP:0001250","__v":0}
{"_id":{"$oid":"6524775561ad89bfb75cfb01"},"unnamed_0_x":"Some value","database_id":"123","disease_name":"Some disease","hpo_id":"HP:0001250","__v":0}
{"_id":{"$oid":"65247795a803f3ae81392f6f"},"unnamed_0_x":"Some value","database_id":"123","disease_name":"Some disease","hpo_id":"HP:0001250","__v":0}
{"_id":{"$oid":"652477cbf734041c994bc43a"},"unnamed_0_x":"Some value","database_id":"123","disease_name":"Some disease","hpo_id":"HP:0001250","__v":0}
{"_id":{"$oid":"652477eff23ea1bb65b6df5c"},"unnamed_0_x":"Some value","database_id":"123","disease_name":"Some disease","hpo_id":"HP:0001250","__v":0}
{"_id":{"$oid":"6524782412a347a9252745e6"},"unnamed_0_x":"Some value","database_id":"123","disease_name":"Some disease","hpo_id":"HP:0001250","__v":0}
{"_id":{"$oid":"6524784f8eac0a6b92465e3e"},"unnamed_0_x":"Some value","database_id":"123","disease_name":"Some disease","hpo_id":"HP:0001250","__v":0}
{"_id":{"$oid":"6524785f36de0a9e5d77f056"},"unnamed_0_x":"Some value","database_id":"123","disease_name":"Some disease","hpo_id":"HP:0001250","__v":0}
{"_id":{"$oid":"6524787182090aa15541951c"},"unnamed_0_x":"Some value","database_id":"123","disease_name":"Some disease","hpo_id":"HP:0001250","__v":0}
{"_id":{"$oid":"65247898e53b04e1441fc271"},"unnamed_0_x":"Some value","database_id":"123","disease_name":"Some disease","hpo_id":"HP:0001250","__v":0}
{"_id":{"$oid":"652478bdc2984466f2f17772"},"unnamed_0_x":"Some value","database_id":"123","disease_name":"Some disease","hpo_id":"HP:0001250","__v":0}
{"_id":{"$oid":"6524790ee5ebb5d662d6f559"},"unnamed_0_x":"Some value","database_id":"123","disease_name":"Some disease","hpo_id":"HP:0001250","__v":0}
{"_id":{"$oid":"65247930e29e2fd2011af077"},"unnamed_0_x":"Some value","database_id":"123","disease_name":"Some disease","hpo_id":"HP:0001250","__v":0}
{"_id":{"$oid":"6524793b1ec5321a034b79a8"},"unnamed_0_x":"Some value","database_id":"123","disease_name":"Some disease","hpo_id":"HP:0001250","__v":0}
{"_id":{"$oid":"65247955e961ff2afe0bcf0d"},"unnamed_0_x":"Some value","database_id":"123","disease_name":"Some disease","hpo_id":"HP:0001250","__v":0}
{"_id":{"$oid":"652479826bc71928e1c80fed"},"unnamed_0_x":"Some value","database_id":"123","disease_name":"Some disease","hpo_id":"HP:0001250","__v":0}
{"_id":{"$oid":"652479d966e5ecc180edece9"},"unnamed_0_x":"Some value","database_id":"123","disease_name":"Some disease","hpo_id":"HP:0001250","__v":0}
{"_id":{"$oid":"65247a7a4a0f61be85103601"},"unnamed_0_x":"Some value","database_id":"123","disease_name":"Some disease","hpo_id":"HP:0001250","__v":0}
{"_id":{"$oid":"65247aa08a127ea32075a37f"},"unnamed_0_x":"Some value","database_id":"123","disease_name":"Some disease","hpo_id":"HP:0001250","__v":0}
{"_id":{"$oid":"65247b2834eaca54e5ac7e74"},"unnamed_0_x":"Some value","database_id":"123","disease_name":"Some disease","hpo_id":"HP:0001250","__v":0}
{"_id":{"$oid":"65247bb929e1376305be3219"},"unnamed_0_x":"Some value","database_id":"123","disease_name":"Some disease","hpo_id":"HP:0001250","__v":0}
{"_id":{"$oid":"65247c904a29102540f49081"},"unnamed_0_x":"Some value","database_id":"123","disease_name":"Some disease","hpo_id":"HP:0001250","__v":0}
{"_id":{"$oid":"65247c9658ab88c3fb71e2e6"},"unnamed_0_x":"Some value","database_id":"123","disease_name":"Some disease","hpo_id":"HP:0001250","__v":0}
{"_id":{"$oid":"65247cea76365141c8347e9f"},"unnamed_0_x":"Some value","database_id":"123","disease_name":"Some disease","hpo_id":"HP:0001250","__v":0}
{"_id":{"$oid":"65247d8e9e79cd27fb11d970"},"unnamed_0_x":"Some value","database_id":"123","disease_name":"Some disease","hpo_id":"HP:0001250","__v":0}
{"_id":{"$oid":"65247da681a6c44c082c9a4c"},"unnamed_0_x":"Some value","database_id":"123","disease_name":"Some disease","hpo_id":"HP:0001250","__v":0}
{"_id":{"$oid":"65247dc8a1677e8be01b87cf"},"unnamed_0_x":"Some value","database_id":"123","disease_name":"Some disease","hpo_id":"HP:0001250","__v":0}
{"_id":{"$oid":"65247df6eff61996a9b19425"},"unnamed_0_x":"Some value","database_id":"123","disease_name":"Some disease","hpo_id":"HP:0001250","__v":0}
{"_id":{"$oid":"65247e6b1c7a90d2afcc202e"},"unnamed_0_x":"Some value","database_id":"123","disease_name":"Some disease","hpo_id":"HP:0001250","__v":0}
{"_id":{"$oid":"65247ebe2cc058997f261628"},"unnamed_0_x":"Some value","database_id":"123","disease_name":"Some disease","hpo_id":"HP:0001250","__v":0}
{"_id":{"$oid":"65247ecab2edf110d234e0f1"},"unnamed_0_x":"Some value","database_id":"123","disease_name":"Some disease","hpo_id":"HP:0001250","__v":0}
{"_id":{"$oid":"65247f06b8aee86b89b0d6c9"},"unnamed_0_x":"Some value","database_id":"123","disease_name":"Some disease","hpo_id":"HP:0001250","__v":0}
{"_id":{"$oid":"65247fa3f4bc1355f4266677"},"unnamed_0_x":"Some value","database_id":"123","disease_name":"Some disease","hpo_id":"HP:0001250","__v":0}
{"_id":{"$oid":"65247fa5760ac9a07e8ca0b9"},"unnamed_0_x":"Some value","database_id":"123","disease_name":"Some disease","hpo_id":"HP:0001250","__v":0}
{"_id":{"$oid":"65247facf582aabc701339e0"},"unnamed_0_x":"Some value","database_id":"123","disease_name":"Some disease","hpo_id":"HP:0001250","__v":0}
{"_id":{"$oid":"6524803918542320c6b9f83e"},"unnamed_0_x":"Some value","database_id":"123","disease_name":"Some disease","hpo_id":"HP:0001250","__v":0}
{"_id":{"$oid":"65248067c09e5aeea0e83b7f"},"unnamed_0_x":"Some value","database_id":"123","disease_name":"Some disease","hpo_id":"HP:0001250","__v":0}
{"_id":{"$oid":"65248070839af66d07add4dc"},"unnamed_0_x":"Some value","database_id":"123","disease_name":"Some disease","hpo_id":"HP:0001250","__v":0}
{"_id":{"$oid":"65248085bd17a1ac7731701d"},"unnamed_0_x":"Some value","database_id":"123","disease_name":"Some disease","hpo_id":"HP:0001250","__v":0}
{"_id":{"$oid":"652480c07872846549caa517"},"unnamed_0_x":"Some value","database_id":"123","disease_name":"Some disease","hpo_id":"HP:0001250","__v":0}
{"_id":{"$oid":"65248180eb69c48ba20c8d08"},"unnamed_0_x":"Some value","database_id":"123","disease_name":"Some disease","hpo_id":"HP:0001250","__v":0}
{"_id":{"$oid":"6525c38c6dede391feecbd7b"},"unnamed_0_x":"Some value","database_id":"123","disease_name":"Some disease","hpo_id":"HP:0001250","__v":0}
{"_id":{"$oid":"6525d4dcdc63b9784cad2c55"},"unnamed_0_x":"Some value","database_id":"123","disease_name":"Some disease","hpo_id":"HP:0001250","__v":0}
{"_id":{"$oid":"6525d4e2a541dfa73e00abbe"},"unnamed_0_x":"Some value","database_id":"123","disease_name":"Some disease","hpo_id":"HP:0001250","__v":0}
{"_id":{"$oid":"6525d527abc2f279166cbb04"},"unnamed_0_x":"Some value","database_id":"123","disease_name":"Some disease","hpo_id":"HP:0001250","__v":0}
{"_id":{"$oid":"6525d566bbfbd8622d7dcf56"},"unnamed_0_x":"Some value","database_id":"123","disease_name":"Some disease","hpo_id":"HP:0001250","__v":0}
{"_id":{"$oid":"6525d581ed94bc31372c0f75"},"unnamed_0_x":"Some value","database_id":"123","disease_name":"Some disease","hpo_id":"HP:0001250","__v":0}
{"_id":{"$oid":"6525d5adf425af4cdb4b2950"},"unnamed_0_x":"Some value","database_id":"123","disease_name":"Some disease","hpo_id":"HP:0001250","__v":0}
{"_id":{"$oid":"6525d5bd7039ff6eb1802307"},"unnamed_0_x":"Some value","database_id":"123","disease_name":"Some disease","hpo_id":"HP:0001250","__v":0}
{"_id":{"$oid":"6525d65e3d8a01a02e498c2f"},"unnamed_0_x":"Some value","database_id":"123","disease_name":"Some disease","hpo_id":"HP:0001250","__v":0}
{"_id":{"$oid":"6525d65f802a92038c13f44f"},"unnamed_0_x":"Some value","database_id":"123","disease_name":"Some disease","hpo_id":"HP:0001250","__v":0}
{"_id":{"$oid":"6525d696f58cdc8ac780f041"},"unnamed_0_x":"Some value","database_id":"123","disease_name":"Some disease","hpo_id":"HP:0001250","__v":0}
{"_id":{"$oid":"6525d6e1726b535ac8c622b5"},"unnamed_0_x":"Some value","database_id":"123","disease_name":"Some disease","hpo_id":"HP:0001250","__v":0}
{"_id":{"$oid":"6525d751afe522536d704748"},"unnamed_0_x":"Some value","database_id":"123","disease_name":"Some disease","hpo_id":"HP:0001250","__v":0}
{"_id":{"$oid":"6525d770b22312de5fd37668"},"unnamed_0_x":"Some value","database_id":"123","disease_name":"Some disease","hpo_id":"HP:0001250","__v":0}
{"_id":{"$oid":"6525d799ec5127a516e656df"},"unnamed_0_x":"Some value","database_id":"123","disease_name":"Some disease","hpo_id":"HP:0001250","__v":0}
{"_id":{"$oid":"6525d7ab497e6fed135962db"},"unnamed_0_x":"Some value","database_id":"123","disease_name":"Some disease","hpo_id":"HP:0001250","__v":0}
{"_id":{"$oid":"6525d7db5eb947c9872056aa"},"unnamed_0_x":"Some value","database_id":"123","disease_name":"Some disease","hpo_id":"HP:0001250","__v":0}
{"_id":{"$oid":"6525d7f49584be5094e5a51b"},"unnamed_0_x":"Some value","database_id":"123","disease_name":"Some disease","hpo_id":"HP:0001250","__v":0}
{"_id":{"$oid":"6525d80c34ff9523611d92d3"},"unnamed_0_x":"Some value","database_id":"123","disease_name":"Some disease","hpo_id":"HP:0001250","__v":0}
{"_id":{"$oid":"6525d83d53a7e92fe8e30d60"},"unnamed_0_x":"Some value","database_id":"123","disease_name":"Some disease","hpo_id":"HP:0001250","__v":0}
{"_id":{"$oid":"6525d845258b13c4d3723abe"},"unnamed_0_x":"Some value","database_id":"123","disease_name":"Some disease","hpo_id":"HP:0001250","__v":0}
{"_id":{"$oid":"6525d93115c8d6b84e1d586f"},"unnamed_0_x":"Some value","database_id":"123","disease_name":"Some disease","hpo_id":"HP:0001250","__v":0}
{"_id":{"$oid":"6525d9416066eb7a6c176a05"},"unnamed_0_x":"Some value","database_id":"123","disease_name":"Some disease","hpo_id":"HP:0001250","__v":0}
{"_id":{"$oid":"6525da6af2a622e18c956eda"},"unnamed_0_x":"Some value","database_id":"123","disease_name":"Some disease","hpo_id":"HP:0001250","__v":0}
{"_id":{"$oid":"6525da6b14355b8e023dc2f2"},"unnamed_0_x":"Some value","database_id":"123","disease_name":"Some disease","hpo_id":"HP:0001250","__v":0}
{"_id":{"$oid":"6525db1d8a7a56e6c99e7cde"},"unnamed_0_x":"Some value","database_id":"123","disease_name":"Some disease","hpo_id":"HP:0001250","__v":0}
{"_id":{"$oid":"6525db22522555060728658e"},"unnamed_0_x":"Some value","database_id":"123","disease_name":"Some disease","hpo_id":"HP:0001250","__v":0}
{"_id":{"$oid":"6525db230d0c8538dfa68d16"},"unnamed_0_x":"Some value","database_id":"123","disease_name":"Some disease","hpo_id":"HP:0001250","__v":0}
{"_id":{"$oid":"6525db8495022848f21d3050"},"unnamed_0_x":"Some value","database_id":"123","disease_name":"Some disease","hpo_id":"HP:0001250","__v":0}
{"_id":{"$oid":"6525dbead6d4a4d601a84470"},"unnamed_0_x":"Some value","database_id":"123","disease_name":"Some disease","hpo_id":"HP:0001250","__v":0}
{"_id":{"$oid":"6525e39bc8d7d5e71323bb68"},"unnamed_0_x":"Some value","database_id":"123","disease_name":"Some disease","hpo_id":"HP:0001250","__v":0}
{"_id":{"$oid":"6525e3a8d460accdd85a6aeb"},"unnamed_0_x":"Some value","database_id":"123","disease_name":"Some disease","hpo_id":"HP:0001250","__v":0}
{"_id":{"$oid":"6525e3e60ee0a0158d4a7905"},"unnamed_0_x":"Some value","database_id":"123","disease_name":"Some disease","hpo_id":"HP:0001250","__v":0}
{"_id":{"$oid":"6525e4142604cab090c9872f"},"unnamed_0_x":"Some value","database_id":"123","disease_name":"Some disease","hpo_id":"HP:0001250","__v":0}
{"_id":{"$oid":"6525e4a85b507fb9d8dae1e8"},"unnamed_0_x":"Some value","database_id":"123","disease_name":"Some disease","hpo_id":"HP:0001250","__v":0}
{"_id":{"$oid":"6525e4ca1b4ec42e71b9404e"},"unnamed_0_x":"Some value","database_id":"123","disease_name":"Some disease","hpo_id":"HP:0001250","__v":0}
{"_id":{"$oid":"6525e5323184f9cf41b75948"},"unnamed_0_x":"Some value","database_id":"123","disease_name":"Some disease","hpo_id":"HP:0001250","__v":0}
{"_id":{"$oid":"6525e5fcc5628af6100f30bb"},"unnamed_0_x":"Some value","database_id":"123","disease_name":"Some disease","hpo_id":"HP:0001250","__v":0}
{"_id":{"$oid":"6525e641605a69bcfc13853f"},"unnamed_0_x":"Some value","database_id":"123","disease_name":"Some disease","hpo_id":"HP:0001250","__v":0}
{"_id":{"$oid":"6525e6561823cc1d887d83dd"},"unnamed_0_x":"Some value","database_id":"123","disease_name":"Some disease","hpo_id":"HP:0001250","__v":0}
{"_id":{"$oid":"6525e68dd662cc37c3a1a1f6"},"unnamed_0_x":"Some value","database_id":"123","disease_name":"Some disease","hpo_id":"HP:0001250","__v":0}
{"_id":{"$oid":"6525e698bf7fbf4b139e5f0b"},"unnamed_0_x":"Some value","database_id":"123","disease_name":"Some disease","hpo_id":"HP:0001250","__v":0}
{"_id":{"$oid":"6525e6a6437ebc93d77adcbc"},"unnamed_0_x":"Some value","database_id":"123","disease_name":"Some disease","hpo_id":"HP:0001250","__v":0}
{"_id":{"$oid":"6525ed4c70b929254b161a3a"},"unnamed_0_x":"Some value","database_id":"123","disease_name":"Some disease","hpo_id":"HP:0001250","__v":0}
{"_id":{"$oid":"6525f0245676f6c2b615016a"},"unnamed_0_x":"Some value","database_id":"123","disease_name":"Some disease","hpo_id":"HP:0001250","__v":0}
{"_id":{"$oid":"6525f04079c56ac5a7cdf5ca"},"unnamed_0_x":"Some value","database_id":"123","disease_name":"Some disease","hpo_id":"HP:0001250","__v":0}
{"_id":{"$oid":"6525f0cb222f8d09298a626f"},"unnamed_0_x":"Some value","database_id":"123","disease_name":"Some disease","hpo_id":"HP:0001250","__v":0}
{"_id":{"$oid":"6525f203a17bd6f0ca0cc3bc"},"unnamed_0_x":"Some value","database_id":"123","disease_name":"Some disease","hpo_id":"HP:0001250","__v":0}
{"_id":{"$oid":"6525f207767d37f596666691"},"unnamed_0_x":"Some value","database_id":"123","disease_name":"Some disease","hpo_id":"HP:0001250","__v":0}
{"_id":{"$oid":"6525f223034c993ce91d741b"},"unnamed_0_x":"Some value","database_id":"123","disease_name":"Some disease","hpo_id":"HP:0001250","__v":0}
{"_id":{"$oid":"6525f36349ba5b76a520a614"},"unnamed_0_x":"Some value","database_id":"123","disease_name":"Some disease","hpo_id":"HP:0001250","__v":0}
{"_id":{"$oid":"6525f3b14f7820740ff1a55a"},"unnamed_0_x":"Some value","database_id":"123","disease_name":"Some disease","hpo_id":"HP:0001250","__v":0}
{"_id":{"$oid":"6525f405079fc69b5d381b79"},"unnamed_0_x":"Some value","database_id":"123","disease_name":"Some disease","hpo_id":"HP:0001250","__v":0}
{"_id":{"$oid":"6525f4c3e97564046311102a"},"unnamed_0_x":"Some value","database_id":"123","disease_name":"Some disease","hpo_id":"HP:0001250","__v":0}
{"_id":{"$oid":"6525f4da23795b19d60b0c25"},"unnamed_0_x":"Some value","database_id":"123","disease_name":"Some disease","hpo_id":"HP:0001250","__v":0}
{"_id":{"$oid":"6525f4e641f058e2ce0d5988"},"unnamed_0_x":"Some value","database_id":"123","disease_name":"Some disease","hpo_id":"HP:0001250","__v":0}
{"_id":{"$oid":"6525f511f947852c1a7dd81f"},"unnamed_0_x":"Some value","database_id":"123","disease_name":"Some disease","hpo_id":"HP:0001250","__v":0}
{"_id":{"$oid":"6525f56e2410fa36b5263bd7"},"unnamed_0_x":"Some value","database_id":"123","disease_name":"Some disease","hpo_id":"HP:0001250","__v":0}
{"_id":{"$oid":"6525f5a802b7e0a93fdb97f8"},"unnamed_0_x":"Some value","database_id":"123","disease_name":"Some disease","hpo_id":"HP:0001250","__v":0}
{"_id":{"$oid":"6525f5e3075bd855067e6fe5"},"unnamed_0_x":"Some value","database_id":"123","disease_name":"Some disease","hpo_id":"HP:0001250","__v":0}
{"_id":{"$oid":"6525f60b0bcc0b30ae36c23b"},"unnamed_0_x":"Some value","database_id":"123","disease_name":"Some disease","hpo_id":"HP:0001250","__v":0}
{"_id":{"$oid":"6525f66496daf4ddaf21e143"},"unnamed_0_x":"Some value","database_id":"123","disease_name":"Some disease","hpo_id":"HP:0001250","__v":0}
{"_id":{"$oid":"6525f67e780da65d35e4df75"},"unnamed_0_x":"Some value","database_id":"123","disease_name":"Some disease","hpo_id":"HP:0001250","__v":0}
{"_id":{"$oid":"6527063398bdb153a8d50499"},"unnamed_0_x":"Some value","database_id":"123","disease_name":"Some disease","hpo_id":"HP:0001250","__v":0}
{"_id":{"$oid":"652706441761fce7aac4c92a"},"unnamed_0_x":"Some value","database_id":"123","disease_name":"Some disease","hpo_id":"HP:0001250","__v":0}
{"_id":{"$oid":"652709fbc35ab6293a043e27"},"unnamed_0_x":"Some value","database_id":"123","disease_name":"Some disease","hpo_id":"HP:0001250","__v":0}
{"_id":{"$oid":"65270a00987703b355648891"},"unnamed_0_x":"Some value","database_id":"123","disease_name":"Some disease","hpo_id":"HP:0001250","__v":0}
{"_id":{"$oid":"65270a1c7879462e07393b04"},"unnamed_0_x":"Some value","database_id":"123","disease_name":"Some disease","hpo_id":"HP:0001250","__v":0}
{"_id":{"$oid":"6527fdaf620f80265a27d23b"},"unnamed_0_x":"Some value","database_id":"123","disease_name":"Some disease","hpo_id":"HP:0001250","__v":0}
{"_id":{"$oid":"65366a6ab5f5ad74844b18fb"},"unnamed_0_x":"Some value","database_id":"123","disease_name":"Some disease","hpo_id":"HP:0001250","__v":0}
{"_id":{"$oid":"6536c9df94c4dc142b9ba6b7"},"unnamed_0_x":"Some value","database_id":"123","disease_name":"Some disease","hpo_id":"HP:0001250","__v":0}
{"_id":{"$oid":"6536ca35599b5c3c4e69e11a"},"unnamed_0_x":"Some value","database_id":"123","disease_name":"Some disease","hpo_id":"HP:0001250","__v":0}
{"_id":{"$oid":"6536ca3ada68ccec8c898d7f"},"unnamed_0_x":"Some value","database_id":"123","disease_name":"Some disease","hpo_id":"HP:0001250","__v":0}
{"_id":{"$oid":"6536ca5954255eaa92d81d66"},"unnamed_0_x":"Some value","database_id":"123","disease_name":"Some disease","hpo_id":"HP:0001250","__v":0}
{"_id":{"$oid":"6536caa4317d695d66900194"},"unnamed_0_x":"Some value","database_id":"123","disease_name":"Some disease","hpo_id":"HP:0001250","__v":0}
{"_id":{"$oid":"6536cab1cda9473c8bba47c5"},"unnamed_0_x":"Some value","database_id":"123","disease_name":"Some disease","hpo_id":"HP:0001250","__v":0}
{"_id":{"$oid":"6536cb2dfab931d9f9522d8c"},"unnamed_0_x":"Some value","database_id":"123","disease_name":"Some disease","hpo_id":"HP:0001250","__v":0}
{"_id":{"$oid":"6536cb62e3d6cfd9eff0d29e"},"unnamed_0_x":"Some value","database_id":"123","disease_name":"Some disease","hpo_id":"HP:0001250","__v":0}
{"_id":{"$oid":"6536cb820847a6875f4b386f"},"unnamed_0_x":"Some value","database_id":"123","disease_name":"Some disease","hpo_id":"HP:0001250","__v":0}
{"_id":{"$oid":"6536cb8a25b094744a2c5164"},"unnamed_0_x":"Some value","database_id":"123","disease_name":"Some disease","hpo_id":"HP:0001250","__v":0}
{"_id":{"$oid":"6536cba84b2cc8adb59c327b"},"unnamed_0_x":"Some value","database_id":"123","disease_name":"Some disease","hpo_id":"HP:0001250","__v":0}
{"_id":{"$oid":"6536cbc10d20fb243b80d64b"},"unnamed_0_x":"Some value","database_id":"123","disease_name":"Some disease","hpo_id":"HP:0001250","__v":0}
{"_id":{"$oid":"6536cbf6d0bce5e6d7e849be"},"unnamed_0_x":"Some value","database_id":"123","disease_name":"Some disease","hpo_id":"HP:0001250","__v":0}
{"_id":{"$oid":"6536cc1262d9810487896715"},"unnamed_0_x":"Some value","database_id":"123","disease_name":"Some disease","hpo_id":"HP:0001250","__v":0}
{"_id":{"$oid":"6536cc1342bbb35505c3ac11"},"unnamed_0_x":"Some value","database_id":"123","disease_name":"Some disease","hpo_id":"HP:0001250","__v":0}
{"_id":{"$oid":"6536cc9d0d816a55ced44f4f"},"unnamed_0_x":"Some value","database_id":"123","disease_name":"Some disease","hpo_id":"HP:0001250","__v":0}
{"_id":{"$oid":"6536ccd2e79205d0317fa180"},"unnamed_0_x":"Some value","database_id":"123","disease_name":"Some disease","hpo_id":"HP:0001250","__v":0}
{"_id":{"$oid":"6536cd01082a37b2f65a32f1"},"unnamed_0_x":"Some value","database_id":"123","disease_name":"Some disease","hpo_id":"HP:0001250","__v":0}
{"_id":{"$oid":"6536cd2c1dfc964a0a1eee68"},"unnamed_0_x":"Some value","database_id":"123","disease_name":"Some disease","hpo_id":"HP:0001250","__v":0}
{"_id":{"$oid":"6536cd43d9effc6624386475"},"unnamed_0_x":"Some value","database_id":"123","disease_name":"Some disease","hpo_id":"HP:0001250","__v":0}
{"_id":{"$oid":"6536cd643f6ee7be76299ff1"},"unnamed_0_x":"Some value","database_id":"123","disease_name":"Some disease","hpo_id":"HP:0001250","__v":0}
{"_id":{"$oid":"6536cd6c524dbefec0ff7cd0"},"unnamed_0_x":"Some value","database_id":"123","disease_name":"Some disease","hpo_id":"HP:0001250","__v":0}
{"_id":{"$oid":"6536cd7cf6509b0380b7a5db"},"unnamed_0_x":"Some value","database_id":"123","disease_name":"Some disease","hpo_id":"HP:0001250","__v":0}
{"_id":{"$oid":"6536cda053922de738c7ae1f"},"unnamed_0_x":"Some value","database_id":"123","disease_name":"Some disease","hpo_id":"HP:0001250","__v":0}
{"_id":{"$oid":"6536cdac761bcd5284a34a35"},"unnamed_0_x":"Some value","database_id":"123","disease_name":"Some disease","hpo_id":"HP:0001250","__v":0}
{"_id":{"$oid":"6536cdb569b7efc7d7e6b6ab"},"unnamed_0_x":"Some value","database_id":"123","disease_name":"Some disease","hpo_id":"HP:0001250","__v":0}
{"_id":{"$oid":"6536ce4252a318ba7c654d34"},"unnamed_0_x":"Some value","database_id":"123","disease_name":"Some disease","hpo_id":"HP:0001250","__v":0}
{"_id":{"$oid":"6536ce5608da0a2e7628435f"},"unnamed_0_x":"Some value","database_id":"123","disease_name":"Some disease","hpo_id":"HP:0001250","__v":0}
{"_id":{"$oid":"6536ce6974184cbc36d67a1a"},"unnamed_0_x":"Some value","database_id":"123","disease_name":"Some disease","hpo_id":"HP:0001250","__v":0}
{"_id":{"$oid":"6536ce8cb1e02ec0a5b13a96"},"unnamed_0_x":"Some value","database_id":"123","disease_name":"Some disease","hpo_id":"HP:0001250","__v":0}
{"_id":{"$oid":"6536ce9e155ea7586bef2dab"},"unnamed_0_x":"Some value","database_id":"123","disease_name":"Some disease","hpo_id":"HP:0001250","__v":0}
{"_id":{"$oid":"6536cea1c3d7719b15b2ebe1"},"unnamed_0_x":"Some value","database_id":"123","disease_name":"Some disease","hpo_id":"HP:0001250","__v":0}
{"_id":{"$oid":"6536cebe9e82aee027fdf5f8"},"unnamed_0_x":"Some value","database_id":"123","disease_name":"Some disease","hpo_id":"HP:0001250","__v":0}
{"_id":{"$oid":"6536cec01df9ba55bcd08220"},"unnamed_0_x":"Some value","database_id":"123","disease_name":"Some disease","hpo_id":"HP:0001250","__v":0}
{"_id":{"$oid":"6536cf0efb2c074b3ccc0802"},"unnamed_0_x":"Some value","database_id":"123","disease_name":"Some disease","hpo_id":"HP:0001250","__v":0}
{"_id":{"$oid":"6536cf193665a4d9adfb45ac"},"unnamed_0_x":"Some value","database_id":"123","disease_name":"Some disease","hpo_id":"HP:0001250","__v":0}
{"_id":{"$oid":"6536cf2fbb7f1782f2095087"},"unnamed_0_x":"Some value","database_id":"123","disease_name":"Some disease","hpo_id":"HP:0001250","__v":0}
{"_id":{"$oid":"6536cf353d9c2022e317d4fa"},"unnamed_0_x":"Some value","database_id":"123","disease_name":"Some disease","hpo_id":"HP:0001250","__v":0}
{"_id":{"$oid":"6536cfc7e8f2418173394c5b"},"unnamed_0_x":"Some value","database_id":"123","disease_name":"Some disease","hpo_id":"HP:0001250","__v":0}
{"_id":{"$oid":"6536cfd30bb63aea8e3bb753"},"unnamed_0_x":"Some value","database_id":"123","disease_name":"Some disease","hpo_id":"HP:0001250","__v":0}
{"_id":{"$oid":"6536cfdb673cdd87741ecacc"},"unnamed_0_x":"Some value","database_id":"123","disease_name":"Some disease","hpo_id":"HP:0001250","__v":0}
{"_id":{"$oid":"6536d00050b594c169f88894"},"unnamed_0_x":"Some value","database_id":"123","disease_name":"Some disease","hpo_id":"HP:0001250","__v":0}
{"_id":{"$oid":"6536d070d6aaded707aa622f"},"unnamed_0_x":"Some value","database_id":"123","disease_name":"Some disease","hpo_id":"HP:0001250","__v":0}
{"_id":{"$oid":"6536d07a9e406b1dab532ec9"},"unnamed_0_x":"Some value","database_id":"123","disease_name":"Some disease","hpo_id":"HP:0001250","__v":0}
{"_id":{"$oid":"6536d0921242601262dcf175"},"unnamed_0_x":"Some value","database_id":"123","disease_name":"Some disease","hpo_id":"HP:0001250","__v":0}
{"_id":{"$oid":"6536d18683f514894b328af7"},"unnamed_0_x":"Some value","database_id":"123","disease_name":"Some disease","hpo_id":"HP:0001250","__v":0}
{"_id":{"$oid":"6536d215101d3a465991758b"},"unnamed_0_x":"Some value","database_id":"123","disease_name":"Some disease","hpo_id":"HP:0001250","__v":0}
{"_id":{"$oid":"6536d26cabfa1bf8522a1d00"},"unnamed_0_x":"Some value","database_id":"123","disease_name":"Some disease","hpo_id":"HP:0001250","__v":0}
{"_id":{"$oid":"6536d2e7c4c6f14cd286c5e1"},"unnamed_0_x":"Some value","database_id":"123","disease_name":"Some disease","hpo_id":"HP:0001250","__v":0}
{"_id":{"$oid":"6536d2f6b5c1f0b5dd00a34f"},"unnamed_0_x":"Some value","database_id":"123","disease_name":"Some disease","hpo_id":"HP:0001250","__v":0}
{"_id":{"$oid":"6536d33e114dff0c07f08380"},"unnamed_0_x":"Some value","database_id":"123","disease_name":"Some disease","hpo_id":"HP:0001250","__v":0}
{"_id":{"$oid":"6536d34a6906685b624a7b79"},"unnamed_0_x":"Some value","database_id":"123","disease_name":"Some disease","hpo_id":"HP:0001250","__v":0}
{"_id":{"$oid":"6536d430dc0f23c0860c9b9d"},"unnamed_0_x":"Some value","database_id":"123","disease_name":"Some disease","hpo_id":"HP:0001250","__v":0}
{"_id":{"$oid":"6536d43b03d6dab19c213c51"},"unnamed_0_x":"Some value","database_id":"123","disease_name":"Some disease","hpo_id":"HP:0001250","__v":0}
{"_id":{"$oid":"6536d4886b3e236ebb4044cf"},"unnamed_0_x":"Some value","database_id":"123","disease_name":"Some disease","hpo_id":"HP:0001250","__v":0}
{"_id":{"$oid":"6536d4aa5b452cbb7d07cd78"},"unnamed_0_x":"Some value","database_id":"123","disease_name":"Some disease","hpo_id":"HP:0001250","__v":0}
{"_id":{"$oid":"6536d4d71a0107148c78085c"},"unnamed_0_x":"Some value","database_id":"123","disease_name":"Some disease","hpo_id":"HP:0001250","__v":0}
{"_id":{"$oid":"6536d4e866024a1b553548cc"},"unnamed_0_x":"Some value","database_id":"123","disease_name":"Some disease","hpo_id":"HP:0001250","__v":0}
{"_id":{"$oid":"6536d4fcdcdca6da336a8a2c"},"unnamed_0_x":"Some value","database_id":"123","disease_name":"Some disease","hpo_id":"HP:0001250","__v":0}
{"_id":{"$oid":"6536d51c85be6f0d69a86d1b"},"unnamed_0_x":"Some value","database_id":"123","disease_name":"Some disease","hpo_id":"HP:0001250","__v":0}
{"_id":{"$oid":"6536d53b67335f7fd035c2cd"},"unnamed_0_x":"Some value","database_id":"123","disease_name":"Some disease","hpo_id":"HP:0001250","__v":0}
{"_id":{"$oid":"6536d5452aa5290cc5b022f5"},"unnamed_0_x":"Some value","database_id":"123","disease_name":"Some disease","hpo_id":"HP:0001250","__v":0}
{"_id":{"$oid":"6536d55ee435270deb668669"},"unnamed_0_x":"Some value","database_id":"123","disease_name":"Some disease","hpo_id":"HP:0001250","__v":0}
{"_id":{"$oid":"6536d5d455f6210c6070cb8f"},"unnamed_0_x":"Some value","database_id":"123","disease_name":"Some disease","hpo_id":"HP:0001250","__v":0}
{"_id":{"$oid":"6536d5e93f8416c3433b9750"},"unnamed_0_x":"Some value","database_id":"123","disease_name":"Some disease","hpo_id":"HP:0001250","__v":0}
{"_id":{"$oid":"6536d5f520bd57fcb78c861e"},"unnamed_0_x":"Some value","database_id":"123","disease_name":"Some disease","hpo_id":"HP:0001250","__v":0}
{"_id":{"$oid":"6536d61da3c79f90443210be"},"unnamed_0_x":"Some value","database_id":"123","disease_name":"Some disease","hpo_id":"HP:0001250","__v":0}
{"_id":{"$oid":"6536d65b9e142a6ef3abf2d1"},"unnamed_0_x":"Some value","database_id":"123","disease_name":"Some disease","hpo_id":"HP:0001250","__v":0}
{"_id":{"$oid":"6536d65f2d3109953d26e7fe"},"unnamed_0_x":"Some value","database_id":"123","disease_name":"Some disease","hpo_id":"HP:0001250","__v":0}
{"_id":{"$oid":"6536d780db090c0ef4a7ddbe"},"unnamed_0_x":"Some value","database_id":"123","disease_name":"Some disease","hpo_id":"HP:0001250","__v":0}
{"_id":{"$oid":"6536d834f2eb9f229438ae8d"},"unnamed_0_x":"Some value","database_id":"123","disease_name":"Some disease","hpo_id":"HP:0001250","__v":0}
{"_id":{"$oid":"6536dc0c2cd3a76ad91808b5"},"unnamed_0_x":"Some value","database_id":"123","disease_name":"Some disease","hpo_id":"HP:0001250","__v":0}
{"_id":{"$oid":"6536dd158be6234c395d51bf"},"unnamed_0_x":"Some value","database_id":"123","disease_name":"Some disease","hpo_id":"HP:0001250","__v":0}
{"_id":{"$oid":"6536dd6cc1bd42db4baca29b"},"unnamed_0_x":"Some value","database_id":"123","disease_name":"Some disease","hpo_id":"HP:0001250","__v":0}
{"_id":{"$oid":"6536defd76488fa34c0eb901"},"unnamed_0_x":"Some value","database_id":"123","disease_name":"Some disease","hpo_id":"HP:0001250","__v":0}
{"_id":{"$oid":"6536e36d991f645ab5ecbec1"},"unnamed_0_x":"Some value","database_id":"123","disease_name":"Some disease","hpo_id":"HP:0001250","__v":0}
{"_id":{"$oid":"6536e82899df31c1cd77fb65"},"unnamed_0_x":"Some value","database_id":"123","disease_name":"Some disease","hpo_id":"HP:0001250","__v":0}
{"_id":{"$oid":"6536e907cdb2ba2094326541"},"unnamed_0_x":"Some value","database_id":"123","disease_name":"Some disease","hpo_id":"HP:0001250","__v":0}
{"_id":{"$oid":"6536e965b7bf9dcffa7a3ce9"},"unnamed_0_x":"Some value","database_id":"123","disease_name":"Some disease","hpo_id":"HP:0001250","__v":0}
{"_id":{"$oid":"653803db11f9038254811c86"},"unnamed_0_x":"Some value","database_id":"123","disease_name":"Some disease","hpo_id":"HP:0001250","__v":0}
{"_id":{"$oid":"65380402450e320a104671a1"},"unnamed_0_x":"Some value","database_id":"123","disease_name":"Some disease","hpo_id":"HP:0001250","__v":0}
{"_id":{"$oid":"65380430698be7555ecde9c7"},"unnamed_0_x":"Some value","database_id":"123","disease_name":"Some disease","hpo_id":"HP:0001250","__v":0}
{"_id":{"$oid":"65380440105c663ffb41f08c"},"unnamed_0_x":"Some value","database_id":"123","disease_name":"Some disease","hpo_id":"HP:0001250","__v":0}
{"_id":{"$oid":"653808729a3b94a068d32e99"},"unnamed_0_x":"Some value","database_id":"123","disease_name":"Some disease","hpo_id":"HP:0001250","__v":0}
{"_id":{"$oid":"65380883354522c9756d7ef9"},"unnamed_0_x":"Some value","database_id":"123","disease_name":"Some disease","hpo_id":"HP:0001250","__v":0}
{"_id":{"$oid":"653808ead6ae9da182590516"},"unnamed_0_x":"Some value","database_id":"123","disease_name":"Some disease","hpo_id":"HP:0001250","__v":0}
{"_id":{"$oid":"65380936d568f5dfa85298f4"},"unnamed_0_x":"Some value","database_id":"123","disease_name":"Some disease","hpo_id":"HP:0001250","__v":0}
{"_id":{"$oid":"6538096643e91a9804600f08"},"unnamed_0_x":"Some value","database_id":"123","disease_name":"Some disease","hpo_id":"HP:0001250","__v":0}
{"_id":{"$oid":"65380975b9a0847300c92b8a"},"unnamed_0_x":"Some value","database_id":"123","disease_name":"Some disease","hpo_id":"HP:0001250","__v":0}
{"_id":{"$oid":"65380a4534d3fe9924bf30a0"},"unnamed_0_x":"Some value","database_id":"123","disease_name":"Some disease","hpo_id":"HP:0001250","__v":0}
{"_id":{"$oid":"65380add9c6c14f81f2f4ab3"},"unnamed_0_x":"Some value","database_id":"123","disease_name":"Some disease","hpo_id":"HP:0001250","__v":0}
{"_id":{"$oid":"65380ae6ad0a5b0bd33687d0"},"unnamed_0_x":"Some value","database_id":"123","disease_name":"Some disease","hpo_id":"HP:0001250","__v":0}
{"_id":{"$oid":"65380b7d01bb0bb14b59f60b"},"unnamed_0_x":"Some value","database_id":"123","disease_name":"Some disease","hpo_id":"HP:0001250","__v":0}
{"_id":{"$oid":"65380b8a96be423cbe94b2a9"},"unnamed_0_x":"Some value","database_id":"123","disease_name":"Some disease","hpo_id":"HP:0001250","__v":0}
{"_id":{"$oid":"65380bb4000aee48ff7cf0f7"},"unnamed_0_x":"Some value","database_id":"123","disease_name":"Some disease","hpo_id":"HP:0001250","__v":0}
{"_id":{"$oid":"65380bd34f2ae1bbb3e8c5d2"},"unnamed_0_x":"Some value","database_id":"123","disease_name":"Some disease","hpo_id":"HP:0001250","__v":0}
{"_id":{"$oid":"65380be3cc9476078eb951fb"},"unnamed_0_x":"Some value","database_id":"123","disease_name":"Some disease","hpo_id":"HP:0001250","__v":0}
{"_id":{"$oid":"65380d114c923be2b5b6a616"},"unnamed_0_x":"Some value","database_id":"123","disease_name":"Some disease","hpo_id":"HP:0001250","__v":0}
{"_id":{"$oid":"65380d7cf4a33e78de394382"},"unnamed_0_x":"Some value","database_id":"123","disease_name":"Some disease","hpo_id":"HP:0001250","__v":0}
{"_id":{"$oid":"65380dadc3f071daa98fa5f9"},"unnamed_0_x":"Some value","database_id":"123","disease_name":"Some disease","hpo_id":"HP:0001250","__v":0}
{"_id":{"$oid":"65380e995c9fd84b9e921c69"},"unnamed_0_x":"Some value","database_id":"123","disease_name":"Some disease","hpo_id":"HP:0001250","__v":0}
{"_id":{"$oid":"65380ea5da63cde6fa9bde78"},"unnamed_0_x":"Some value","database_id":"123","disease_name":"Some disease","hpo_id":"HP:0001250","__v":0}
{"_id":{"$oid":"65380eae2611b71951a052a2"},"unnamed_0_x":"Some value","database_id":"123","disease_name":"Some disease","hpo_id":"HP:0001250","__v":0}
{"_id":{"$oid":"65380eed4fb36cbe69d251e2"},"unnamed_0_x":"Some value","database_id":"123","disease_name":"Some disease","hpo_id":"HP:0001250","__v":0}
{"_id":{"$oid":"65380f256a19143cbc68fe5c"},"unnamed_0_x":"Some value","database_id":"123","disease_name":"Some disease","hpo_id":"HP:0001250","__v":0}
{"_id":{"$oid":"65380f48741070c30f8164b2"},"unnamed_0_x":"Some value","database_id":"123","disease_name":"Some disease","hpo_id":"HP:0001250","__v":0}
{"_id":{"$oid":"65380fcc6d9ee006754befb8"},"unnamed_0_x":"Some value","database_id":"123","disease_name":"Some disease","hpo_id":"HP:0001250","__v":0}
{"_id":{"$oid":"6538105984af1f0dd781fb70"},"unnamed_0_x":"Some value","database_id":"123","disease_name":"Some disease","hpo_id":"HP:0001250","__v":0}
{"_id":{"$oid":"653810a5be42d77f5a6d688b"},"unnamed_0_x":"Some value","database_id":"123","disease_name":"Some disease","hpo_id":"HP:0001250","__v":0}
{"_id":{"$oid":"653810c7cb8652211758b48d"},"unnamed_0_x":"Some value","database_id":"123","disease_name":"Some disease","hpo_id":"HP:0001250","__v":0}
{"_id":{"$oid":"653810fff69acb8d9b4fe3e9"},"unnamed_0_x":"Some value","database_id":"123","disease_name":"Some disease","hpo_id":"HP:0001250","__v":0}
{"_id":{"$oid":"65381103383184b1d7a7a993"},"unnamed_0_x":"Some value","database_id":"123","disease_name":"Some disease","hpo_id":"HP:0001250","__v":0}
{"_id":{"$oid":"6538113386d99a402ea23b37"},"unnamed_0_x":"Some value","database_id":"123","disease_name":"Some disease","hpo_id":"HP:0001250","__v":0}
{"_id":{"$oid":"653811424d6e47d18464f435"},"unnamed_0_x":"Some value","database_id":"123","disease_name":"Some disease","hpo_id":"HP:0001250","__v":0}
{"_id":{"$oid":"65395720b8adb5b3603c0d3d"},"unnamed_0_x":"Some value","database_id":"123","disease_name":"Some disease","hpo_id":"HP:0001250","__v":0}
{"_id":{"$oid":"653c5c943deceb46b5e5ab15"},"unnamed_0_x":"Some value","database_id":"123","disease_name":"Some disease","hpo_id":"HP:0001250","__v":0}
{"_id":{"$oid":"653feeb0dba9563c5b255b83"},"unnamed_0_x":"Some value","database_id":"123","disease_name":"Some disease","hpo_id":"HP:0001250","__v":0}
{"_id":{"$oid":"65429217212adb8910d12d68"},"unnamed_0_x":"Some value","database_id":"123","disease_name":"Some disease","hpo_id":"HP:0001250","__v":0}
{"_id":{"$oid":"654596226764b73020a4048e"},"unnamed_0_x":"Some value","database_id":"123","disease_name":"Some disease","hpo_id":"HP:0001250","__v":0}
{"_id":{"$oid":"654d53bef7c00d59084911a3"},"unnamed_0_x":"Some value","database_id":"123","disease_name":"Some disease","hpo_id":"HP:0001250","__v":0}
{"_id":{"$oid":"654d54be6c0fef20054f8f2c"},"unnamed_0_x":"Some value","database_id":"123","disease_name":"Some disease","hpo_id":"HP:0001250","__v":0}
{"_id":{"$oid":"654d54c28521d6061a6ec747"},"unnamed_0_x":"Some value","database_id":"123","disease_name":"Some disease","hpo_id":"HP:0001250","__v":0}
{"_id":{"$oid":"654d55142442bf7916cdb12d"},"unnamed_0_x":"Some value","database_id":"123","disease_name":"Some disease","hpo_id":"HP:0001250","__v":0}
{"_id":{"$oid":"654d557ed5d6715c28ea2c84"},"unnamed_0_x":"Some value","database_id":"123","disease_name":"Some disease","hpo_id":"HP:0001250","__v":0}
{"_id":{"$oid":"654d56693acebff04504c8d2"},"unnamed_0_x":"Some value","database_id":"123","disease_name":"Some disease","hpo_id":"HP:0001250","__v":0}
{"_id":{"$oid":"654d567c2c0c27d3a305d274"},"unnamed_0_x":"Some value","database_id":"123","disease_name":"Some disease","hpo_id":"HP:0001250","__v":0}
{"_id":{"$oid":"654d569df8ab721dc1eb7015"},"unnamed_0_x":"Some value","database_id":"123","disease_name":"Some disease","hpo_id":"HP:0001250","__v":0}
{"_id":{"$oid":"654d575dbab0e848f4b2830a"},"unnamed_0_x":"Some value","database_id":"123","disease_name":"Some disease","hpo_id":"HP:0001250","__v":0}
{"_id":{"$oid":"654d57ee050e92cbc6432f1d"},"unnamed_0_x":"Some value","database_id":"123","disease_name":"Some disease","hpo_id":"HP:0001250","__v":0}
{"_id":{"$oid":"654d58099c89cbfa20152ef0"},"unnamed_0_x":"Some value","database_id":"123","disease_name":"Some disease","hpo_id":"HP:0001250","__v":0}
{"_id":{"$oid":"654d580e84b0becefa29d0bd"},"unnamed_0_x":"Some value","database_id":"123","disease_name":"Some disease","hpo_id":"HP:0001250","__v":0}
{"_id":{"$oid":"654d583c0aa21ba3f28dc62e"},"unnamed_0_x":"Some value","database_id":"123","disease_name":"Some disease","hpo_id":"HP:0001250","__v":0}
{"_id":{"$oid":"654d58a903cc556fca52b15d"},"unnamed_0_x":"Some value","database_id":"123","disease_name":"Some disease","hpo_id":"HP:0001250","__v":0}
{"_id":{"$oid":"654d8ab59724e89de421838d"},"unnamed_0_x":"Some value","database_id":"123","disease_name":"Some disease","hpo_id":"HP:0001250","__v":0}
{"_id":{"$oid":"654d8fc26337fabf740df4be"},"unnamed_0_x":"Some value","database_id":"123","disease_name":"Some disease","hpo_id":"HP:0001250","__v":0}
{"_id":{"$oid":"654d8ffd94fb8300a3f03e98"},"unnamed_0_x":"Some value","database_id":"123","disease_name":"Some disease","hpo_id":"HP:0001250","__v":0}
{"_id":{"$oid":"654d906d84d48a2b0ecc58bd"},"unnamed_0_x":"Some value","database_id":"123","disease_name":"Some disease","hpo_id":"HP:0001250","__v":0}
{"_id":{"$oid":"654d90ee616e32cc6317057f"},"unnamed_0_x":"Some value","database_id":"123","disease_name":"Some disease","hpo_id":"HP:0001250","__v":0}
{"_id":{"$oid":"654d923582049adf5713636e"},"unnamed_0_x":"Some value","database_id":"123","disease_name":"Some disease","hpo_id":"HP:0001250","__v":0}
{"_id":{"$oid":"654d923ba6af88734de8852a"},"unnamed_0_x":"Some value","database_id":"123","disease_name":"Some disease","hpo_id":"HP:0001250","__v":0}
{"_id":{"$oid":"654d926dae47b6d002db86cb"},"unnamed_0_x":"Some value","database_id":"123","disease_name":"Some disease","hpo_id":"HP:0001250","__v":0}
{"_id":{"$oid":"654d92a3de4c994975f65654"},"unnamed_0_x":"Some value","database_id":"123","disease_name":"Some disease","hpo_id":"HP:0001250","__v":0}
{"_id":{"$oid":"654d92bae30e711255e4aa9a"},"unnamed_0_x":"Some value","database_id":"123","disease_name":"Some disease","hpo_id":"HP:0001250","__v":0}
{"_id":{"$oid":"654d92ceff72298504015ba2"},"unnamed_0_x":"Some value","database_id":"123","disease_name":"Some disease","hpo_id":"HP:0001250","__v":0}
{"_id":{"$oid":"654d9325f1c3b587c949200d"},"unnamed_0_x":"Some value","database_id":"123","disease_name":"Some disease","hpo_id":"HP:0001250","__v":0}
{"_id":{"$oid":"654d9328601d792f497d4116"},"unnamed_0_x":"Some value","database_id":"123","disease_name":"Some disease","hpo_id":"HP:0001250","__v":0}
{"_id":{"$oid":"654e3d6122488b1d82bd3070"},"unnamed_0_x":"Some value","database_id":"123","disease_name":"Some disease","hpo_id":"HP:0001250","__v":0}
{"_id":{"$oid":"654e4124132171597c5ad4fa"},"unnamed_0_x":"Some value","database_id":"123","disease_name":"Some disease","hpo_id":"HP:0001250","__v":0}
{"_id":{"$oid":"654e416e71a5abd2ac3c7da6"},"unnamed_0_x":"Some value","database_id":"123","disease_name":"Some disease","hpo_id":"HP:0001250","__v":0}
{"_id":{"$oid":"654e41746dffe418775ab398"},"unnamed_0_x":"Some value","database_id":"123","disease_name":"Some disease","hpo_id":"HP:0001250","__v":0}
{"_id":{"$oid":"654e417db7dc6aca6876313c"},"unnamed_0_x":"Some value","database_id":"123","disease_name":"Some disease","hpo_id":"HP:0001250","__v":0}
{"_id":{"$oid":"654e44346b66cf76aca24e06"},"unnamed_0_x":"Some value","database_id":"123","disease_name":"Some disease","hpo_id":"HP:0001250","__v":0}
{"_id":{"$oid":"654e44350df08caf858a54d2"},"unnamed_0_x":"Some value","database_id":"123","disease_name":"Some disease","hpo_id":"HP:0001250","__v":0}
{"_id":{"$oid":"654e443ef0d58624be250c80"},"unnamed_0_x":"Some value","database_id":"123","disease_name":"Some disease","hpo_id":"HP:0001250","__v":0}
{"_id":{"$oid":"654e46ad628b1b3a73cb31b7"},"unnamed_0_x":"Some value","database_id":"123","disease_name":"Some disease","hpo_id":"HP:0001250","__v":0}
{"_id":{"$oid":"654ea185ac74bf83f4332086"},"unnamed_0_x":"Some value","database_id":"123","disease_name":"Some disease","hpo_id":"HP:0001250","__v":0}
{"_id":{"$oid":"654eae057c84442910de4ae5"},"unnamed_0_x":"Some value","database_id":"123","disease_name":"Some disease","hpo_id":"HP:0001250","__v":0}
{"_id":{"$oid":"654eae28b92627dfab6e59fc"},"unnamed_0_x":"Some value","database_id":"123","disease_name":"Some disease","hpo_id":"HP:0001250","__v":0}
{"_id":{"$oid":"654eaff15c48951840e4b9dd"},"unnamed_0_x":"Some value","database_id":"123","disease_name":"Some disease","hpo_id":"HP:0001250","__v":0}
{"_id":{"$oid":"654ed651dd7d75672b894cea"},"unnamed_0_x":"Some value","database_id":"123","disease_name":"Some disease","hpo_id":"HP:0001250","__v":0}
{"_id":{"$oid":"654ed65df060c0550021c0c8"},"unnamed_0_x":"Some value","database_id":"123","disease_name":"Some disease","hpo_id":"HP:0001250","__v":0}
{"_id":{"$oid":"654fd19f3d4293d66a5bece7"},"unnamed_0_x":"Some value","database_id":"123","disease_name":"Some disease","hpo_id":"HP:0001250","__v":0}
{"_id":{"$oid":"65513fca73a62ee09347042f"},"unnamed_0_x":"Some value","database_id":"123","disease_name":"Some disease","hpo_id":"HP:0001250","__v":0}
{"_id":{"$oid":"65513fd18d778543a432156e"},"unnamed_0_x":"Some value","database_id":"123","disease_name":"Some disease","hpo_id":"HP:0001250","__v":0}
{"_id":{"$oid":"6551402b6a82e21a1c5fe8f3"},"unnamed_0_x":"Some value","database_id":"123","disease_name":"Some disease","hpo_id":"HP:0001250","__v":0}
{"_id":{"$oid":"65514043b4c9f69977050188"},"unnamed_0_x":"Some value","database_id":"123","disease_name":"Some disease","hpo_id":"HP:0001250","__v":0}
{"_id":{"$oid":"655140a9ab36c3088981b6cd"},"unnamed_0_x":"Some value","database_id":"123","disease_name":"Some disease","hpo_id":"HP:0001250","__v":0}
{"_id":{"$oid":"655140c84fb7176292ac061b"},"unnamed_0_x":"Some value","database_id":"123","disease_name":"Some disease","hpo_id":"HP:0001250","__v":0}
{"_id":{"$oid":"655140edcae513318d3ace33"},"unnamed_0_x":"Some value","database_id":"123","disease_name":"Some disease","hpo_id":"HP:0001250","__v":0}
{"_id":{"$oid":"655149c6c7ae87146e58db7a"},"unnamed_0_x":"Some value","database_id":"123","disease_name":"Some disease","hpo_id":"HP:0001250","__v":0}
{"_id":{"$oid":"65514b0b2bb771557fee3676"},"unnamed_0_x":"Some value","database_id":"123","disease_name":"Some disease","hpo_id":"HP:0001250","__v":0}
{"_id":{"$oid":"65514b0f94ed80ed8b6c87dc"},"unnamed_0_x":"Some value","database_id":"123","disease_name":"Some disease","hpo_id":"HP:0001250","__v":0}
{"_id":{"$oid":"65514b1046df1ed13efb5605"},"unnamed_0_x":"Some value","database_id":"123","disease_name":"Some disease","hpo_id":"HP:0001250","__v":0}
{"_id":{"$oid":"65514e74ae21015272b4cfa8"},"unnamed_0_x":"Some value","database_id":"123","disease_name":"Some disease","hpo_id":"HP:0001250","__v":0}
{"_id":{"$oid":"65514eb04b72fea6de96f43f"},"unnamed_0_x":"Some value","database_id":"123","disease_name":"Some disease","hpo_id":"HP:0001250","__v":0}
{"_id":{"$oid":"65514f4d5d4a65b45b238773"},"unnamed_0_x":"Some value","database_id":"123","disease_name":"Some disease","hpo_id":"HP:0001250","__v":0}
{"_id":{"$oid":"65521590d8c0ac21b0b9cc69"},"unnamed_0_x":"Some value","database_id":"123","disease_name":"Some disease","hpo_id":"HP:0001250","__v":0}
{"_id":{"$oid":"65521a374654ec8d874437f4"},"unnamed_0_x":"Some value","database_id":"123","disease_name":"Some disease","hpo_id":"HP:0001250","__v":0}
{"_id":{"$oid":"65521b36866d52bf0a8eef77"},"unnamed_0_x":"Some value","database_id":"123","disease_name":"Some disease","hpo_id":"HP:0001250","__v":0}
{"_id":{"$oid":"65521b5822efd802b3d16580"},"unnamed_0_x":"Some value","database_id":"123","disease_name":"Some disease","hpo_id":"HP:0001250","__v":0}
{"_id":{"$oid":"65521c00f567a42b6bd59c3c"},"unnamed_0_x":"Some value","database_id":"123","disease_name":"Some disease","hpo_id":"HP:0001250","__v":0}
{"_id":{"$oid":"65521cc14cbd790a95b8f31f"},"unnamed_0_x":"Some value","database_id":"123","disease_name":"Some disease","hpo_id":"HP:0001250","__v":0}
{"_id":{"$oid":"65540c85bcbf0c3517be33f9"},"unnamed_0_x":"Some value","database_id":"123","disease_name":"Some disease","hpo_id":"HP:0001250","__v":0}
{"_id":{"$oid":"6569d82cbe2cc849fb1a7c8a"},"unnamed_0_x":"Some value","database_id":"123","disease_name":"Some disease","hpo_id":"HP:0001250","__v":0}
{"_id":{"$oid":"656b43c802feff214dc7cd9d"},"unnamed_0_x":"Some value","database_id":"123","disease_name":"Some disease","hpo_id":"HP:0001250","__v":0}
{"_id":{"$oid":"656fb47fedf8675072441acf"},"unnamed_0_x":"Some value","database_id":"123","disease_name":"Some disease","hpo_id":"HP:0001250","__v":0}
{"_id":{"$oid":"6570dfe13cf241261c04507a"},"unnamed_0_x":"Some value","database_id":"123","disease_name":"Some disease","hpo_id":"HP:0001250","__v":0}
{"_id":{"$oid":"6570e2b5fb81a51618bc976a"},"unnamed_0_x":"Some value","database_id":"123","disease_name":"Some disease","hpo_id":"HP:0001250","__v":0}
{"_id":{"$oid":"6570e2becbb33a47feda2abe"},"unnamed_0_x":"Some value","database_id":"123","disease_name":"Some disease","hpo_id":"HP:0001250","__v":0}
{"_id":{"$oid":"6570e318d2f31cff0071c1c8"},"unnamed_0_x":"Some value","database_id":"123","disease_name":"Some disease","hpo_id":"HP:0001250","__v":0}
{"_id":{"$oid":"6570e3a474c05cbe7f0477bf"},"unnamed_0_x":"Some value","database_id":"123","disease_name":"Some disease","hpo_id":"HP:0001250","__v":0}
{"_id":{"$oid":"6570e3b1e74f70ca5af81434"},"unnamed_0_x":"Some value","database_id":"123","disease_name":"Some disease","hpo_id":"HP:0001250","__v":0}
{"_id":{"$oid":"6570e3b8c3ac89f80468b84a"},"unnamed_0_x":"Some value","database_id":"123","disease_name":"Some disease","hpo_id":"HP:0001250","__v":0}
{"_id":{"$oid":"6570e3c96d45f0f963f4fc91"},"unnamed_0_x":"Some value","database_id":"123","disease_name":"Some disease","hpo_id":"HP:0001250","__v":0}
{"_id":{"$oid":"6570e3f5f7e922b3f4cf16c9"},"unnamed_0_x":"Some value","database_id":"123","disease_name":"Some disease","hpo_id":"HP:0001250","__v":0}
{"_id":{"$oid":"6570e61c91757c013985099a"},"unnamed_0_x":"Some value","database_id":"123","disease_name":"Some disease","hpo_id":"HP:0001250","__v":0}
{"_id":{"$oid":"6570e62b8be6439a16bee522"},"unnamed_0_x":"Some value","database_id":"123","disease_name":"Some disease","hpo_id":"HP:0001250","__v":0}
{"_id":{"$oid":"6570e6309b9640efc3f2e751"},"unnamed_0_x":"Some value","database_id":"123","disease_name":"Some disease","hpo_id":"HP:0001250","__v":0}
{"_id":{"$oid":"6570e649f783949b85e50239"},"unnamed_0_x":"Some value","database_id":"123","disease_name":"Some disease","hpo_id":"HP:0001250","__v":0}
{"_id":{"$oid":"6570e650670c44cab9fa34d5"},"unnamed_0_x":"Some value","database_id":"123","disease_name":"Some disease","hpo_id":"HP:0001250","__v":0}
{"_id":{"$oid":"6570e6aa03f707222aa6dd2d"},"unnamed_0_x":"Some value","database_id":"123","disease_name":"Some disease","hpo_id":"HP:0001250","__v":0}
{"_id":{"$oid":"6570e6c5757faedf398bb5b4"},"unnamed_0_x":"Some value","database_id":"123","disease_name":"Some disease","hpo_id":"HP:0001250","__v":0}
{"_id":{"$oid":"6570e6d2ef5cfce8873054b3"},"unnamed_0_x":"Some value","database_id":"123","disease_name":"Some disease","hpo_id":"HP:0001250","__v":0}
{"_id":{"$oid":"6570e6ee8fea65a03fb11c01"},"unnamed_0_x":"Some value","database_id":"123","disease_name":"Some disease","hpo_id":"HP:0001250","__v":0}
{"_id":{"$oid":"6570e74867447daafc02f075"},"unnamed_0_x":"Some value","database_id":"123","disease_name":"Some disease","hpo_id":"HP:0001250","__v":0}
{"_id":{"$oid":"6570e750193ec27e28310f0f"},"unnamed_0_x":"Some value","database_id":"123","disease_name":"Some disease","hpo_id":"HP:0001250","__v":0}
{"_id":{"$oid":"6570e7d9ec2b9f91bfbc151c"},"unnamed_0_x":"Some value","database_id":"123","disease_name":"Some disease","hpo_id":"HP:0001250","__v":0}
{"_id":{"$oid":"6570e7db69f91f78f151b09e"},"unnamed_0_x":"Some value","database_id":"123","disease_name":"Some disease","hpo_id":"HP:0001250","__v":0}
{"_id":{"$oid":"6570e8d184c3a622ca9c8f44"},"unnamed_0_x":"Some value","database_id":"123","disease_name":"Some disease","hpo_id":"HP:0001250","__v":0}
{"_id":{"$oid":"6570ed544ffdd78b30dbf445"},"unnamed_0_x":"Some value","database_id":"123","disease_name":"Some disease","hpo_id":"HP:0001250","__v":0}
{"_id":{"$oid":"6571d9c35d84d9d8d3366c57"},"unnamed_0_x":"Some value","database_id":"123","disease_name":"Some disease","hpo_id":"HP:0001250","__v":0}
{"_id":{"$oid":"6571d9d0b320bd3b9b3c23de"},"unnamed_0_x":"Some value","database_id":"123","disease_name":"Some disease","hpo_id":"HP:0001250","__v":0}
{"_id":{"$oid":"6571d9d211be3afe9e20563f"},"unnamed_0_x":"Some value","database_id":"123","disease_name":"Some disease","hpo_id":"HP:0001250","__v":0}
{"_id":{"$oid":"6571d9d552e88ef0f1728e92"},"unnamed_0_x":"Some value","database_id":"123","disease_name":"Some disease","hpo_id":"HP:0001250","__v":0}
{"_id":{"$oid":"6571d9db59d939fcd7eb7268"},"unnamed_0_x":"Some value","database_id":"123","disease_name":"Some disease","hpo_id":"HP:0001250","__v":0}
{"_id":{"$oid":"6571dbabf78c24fd45838955"},"unnamed_0_x":"Some value","database_id":"123","disease_name":"Some disease","hpo_id":"HP:0001250","__v":0}
{"_id":{"$oid":"6571dbb7a73660e967cd6e0d"},"unnamed_0_x":"Some value","database_id":"123","disease_name":"Some disease","hpo_id":"HP:0001250","__v":0}
{"_id":{"$oid":"6571dca7d08f768f8b6c2685"},"unnamed_0_x":"Some value","database_id":"123","disease_name":"Some disease","hpo_id":"HP:0001250","__v":0}
{"_id":{"$oid":"6571dccc84f0cb4578f5d0db"},"unnamed_0_x":"Some value","database_id":"123","disease_name":"Some disease","hpo_id":"HP:0001250","__v":0}
{"_id":{"$oid":"6571dce33288d824dc11a81f"},"unnamed_0_x":"Some value","database_id":"123","disease_name":"Some disease","hpo_id":"HP:0001250","__v":0}
{"_id":{"$oid":"6571dcf5e5056477c4132e3c"},"unnamed_0_x":"Some value","database_id":"123","disease_name":"Some disease","hpo_id":"HP:0001250","__v":0}
{"_id":{"$oid":"6571dd1942908628c139ab7c"},"unnamed_0_x":"Some value","database_id":"123","disease_name":"Some disease","hpo_id":"HP:0001250","__v":0}
{"_id":{"$oid":"6571dd27bd73c4bed945511d"},"unnamed_0_x":"Some value","database_id":"123","disease_name":"Some disease","hpo_id":"HP:0001250","__v":0}
{"_id":{"$oid":"6571dd3d9c31452e1de6963d"},"unnamed_0_x":"Some value","database_id":"123","disease_name":"Some disease","hpo_id":"HP:0001250","__v":0}
{"_id":{"$oid":"6571dd5a321bf79538098af3"},"unnamed_0_x":"Some value","database_id":"123","disease_name":"Some disease","hpo_id":"HP:0001250","__v":0}
{"_id":{"$oid":"6571dd9d8fed5abed8fd4a9f"},"unnamed_0_x":"Some value","database_id":"123","disease_name":"Some disease","hpo_id":"HP:0001250","__v":0}
{"_id":{"$oid":"6571ddccb8f55566daeb9f9e"},"unnamed_0_x":"Some value","database_id":"123","disease_name":"Some disease","hpo_id":"HP:0001250","__v":0}
{"_id":{"$oid":"6571ddf3159bd967b4214a0b"},"unnamed_0_x":"Some value","database_id":"123","disease_name":"Some disease","hpo_id":"HP:0001250","__v":0}
{"_id":{"$oid":"6571ddf5ffa93c055a3938aa"},"unnamed_0_x":"Some value","database_id":"123","disease_name":"Some disease","hpo_id":"HP:0001250","__v":0}
{"_id":{"$oid":"6571ddf9765ee52635dfe9db"},"unnamed_0_x":"Some value","database_id":"123","disease_name":"Some disease","hpo_id":"HP:0001250","__v":0}
{"_id":{"$oid":"6571de1c92a3479b4be29468"},"unnamed_0_x":"Some value","database_id":"123","disease_name":"Some disease","hpo_id":"HP:0001250","__v":0}
{"_id":{"$oid":"6571de2af01ad279a76c6f9d"},"unnamed_0_x":"Some value","database_id":"123","disease_name":"Some disease","hpo_id":"HP:0001250","__v":0}
{"_id":{"$oid":"6571dfb61a8c49c3a9ca2dd6"},"unnamed_0_x":"Some value","database_id":"123","disease_name":"Some disease","hpo_id":"HP:0001250","__v":0}
{"_id":{"$oid":"6571dfbca261fe835af8f914"},"unnamed_0_x":"Some value","database_id":"123","disease_name":"Some disease","hpo_id":"HP:0001250","__v":0}
{"_id":{"$oid":"6571e151b74617cd39580530"},"unnamed_0_x":"Some value","database_id":"123","disease_name":"Some disease","hpo_id":"HP:0001250","__v":0}
{"_id":{"$oid":"6571e36e9dbaf1f175bcc2ce"},"unnamed_0_x":"Some value","database_id":"123","disease_name":"Some disease","hpo_id":"HP:0001250","__v":0}
{"_id":{"$oid":"6571e39e9839ae5e0f30ab31"},"unnamed_0_x":"Some value","database_id":"123","disease_name":"Some disease","hpo_id":"HP:0001250","__v":0}
{"_id":{"$oid":"6571e4e3cdbb5c48e0ecb20b"},"unnamed_0_x":"Some value","database_id":"123","disease_name":"Some disease","hpo_id":"HP:0001250","__v":0}
{"_id":{"$oid":"6571e5aeb3ef2f5c3ed48921"},"unnamed_0_x":"Some value","database_id":"123","disease_name":"Some disease","hpo_id":"HP:0001250","__v":0}
{"_id":{"$oid":"6571e5c50d1d0f67e8c75c1d"},"unnamed_0_x":"Some value","database_id":"123","disease_name":"Some disease","hpo_id":"HP:0001250","__v":0}
{"_id":{"$oid":"6571e5e77e1db7dea45562f1"},"unnamed_0_x":"Some value","database_id":"123","disease_name":"Some disease","hpo_id":"HP:0001250","__v":0}
{"_id":{"$oid":"6571e607822336097b541f9f"},"unnamed_0_x":"Some value","database_id":"123","disease_name":"Some disease","hpo_id":"HP:0001250","__v":0}
{"_id":{"$oid":"6571e610ba1a43b8fe5b8573"},"unnamed_0_x":"Some value","database_id":"123","disease_name":"Some disease","hpo_id":"HP:0001250","__v":0}
{"_id":{"$oid":"65731619510bfe175f9454bf"},"unnamed_0_x":"Some value","database_id":"123","disease_name":"Some disease","hpo_id":"HP:0001250","__v":0}
{"_id":{"$oid":"6573165e7b5b02ce9726686d"},"unnamed_0_x":"Some value","database_id":"123","disease_name":"Some disease","hpo_id":"HP:0001250","__v":0}
{"_id":{"$oid":"657316b639224664768ec6d2"},"unnamed_0_x":"Some value","database_id":"123","disease_name":"Some disease","hpo_id":"HP:0001250","__v":0}
{"_id":{"$oid":"657316c26446baac25820f3a"},"unnamed_0_x":"Some value","database_id":"123","disease_name":"Some disease","hpo_id":"HP:0001250","__v":0}
{"_id":{"$oid":"657316fbc5621d726a1c2484"},"unnamed_0_x":"Some value","database_id":"123","disease_name":"Some disease","hpo_id":"HP:0001250","__v":0}
{"_id":{"$oid":"6573170e27117982a1f98536"},"unnamed_0_x":"Some value","database_id":"123","disease_name":"Some disease","hpo_id":"HP:0001250","__v":0}
{"_id":{"$oid":"657317781008e4e6c2a3fe88"},"unnamed_0_x":"Some value","database_id":"123","disease_name":"Some disease","hpo_id":"HP:0001250","__v":0}
{"_id":{"$oid":"657317adaa76688770c4a029"},"unnamed_0_x":"Some value","database_id":"123","disease_name":"Some disease","hpo_id":"HP:0001250","__v":0}
{"_id":{"$oid":"65733399e170d4db07126afd"},"unnamed_0_x":"Some value","database_id":"123","disease_name":"Some disease","hpo_id":"HP:0001250","__v":0}
{"_id":{"$oid":"657b3eb1ef462a29ac4bb6d6"},"unnamed_0_x":"Some value","database_id":"123","disease_name":"Some disease","hpo_id":"HP:0001250","__v":0}
{"_id":{"$oid":"657b46f9178a773dcd255a95"},"unnamed_0_x":"Some value","database_id":"123","disease_name":"Some disease","hpo_id":"HP:0001250","__v":0}
{"_id":{"$oid":"6581aad6530199ed5488f584"},"unnamed_0_x":"Some value","database_id":"123","disease_name":"Some disease","hpo_id":"HP:0001250","__v":0}
{"_id":{"$oid":"6581ac932d1f72a028ba627a"},"unnamed_0_x":"Some value","database_id":"123","disease_name":"Some disease","hpo_id":"HP:0001250","__v":0}
{"_id":{"$oid":"6581af60eb59cf0aad641c05"},"unnamed_0_x":"Some value","database_id":"123","disease_name":"Some disease","hpo_id":"HP:0001250","__v":0}
{"_id":{"$oid":"6581afd1577cbdf7786aaa85"},"unnamed_0_x":"Some value","database_id":"123","disease_name":"Some disease","hpo_id":"HP:0001250","__v":0}
{"_id":{"$oid":"6581afd57999dd3e04b3ed19"},"unnamed_0_x":"Some value","database_id":"123","disease_name":"Some disease","hpo_id":"HP:0001250","__v":0}
{"_id":{"$oid":"6581afed7cba73144dda9f44"},"unnamed_0_x":"Some value","database_id":"123","disease_name":"Some disease","hpo_id":"HP:0001250","__v":0}
{"_id":{"$oid":"6581b006bb9dbaebc836d46a"},"unnamed_0_x":"Some value","database_id":"123","disease_name":"Some disease","hpo_id":"HP:0001250","__v":0}
{"_id":{"$oid":"6581b0498b1383e30f1b358e"},"unnamed_0_x":"Some value","database_id":"123","disease_name":"Some disease","hpo_id":"HP:0001250","__v":0}
{"_id":{"$oid":"6581b0621b5cb8ed61f559aa"},"unnamed_0_x":"Some value","database_id":"123","disease_name":"Some disease","hpo_id":"HP:0001250","__v":0}
{"_id":{"$oid":"6581b0735aa4c6fcd8872384"},"unnamed_0_x":"Some value","database_id":"123","disease_name":"Some disease","hpo_id":"HP:0001250","__v":0}
{"_id":{"$oid":"6581b0dfcc867108d8179fcc"},"unnamed_0_x":"Some value","database_id":"123","disease_name":"Some disease","hpo_id":"HP:0001250","__v":0}
{"_id":{"$oid":"6581b105cac2320c586a4b77"},"unnamed_0_x":"Some value","database_id":"123","disease_name":"Some disease","hpo_id":"HP:0001250","__v":0}
{"_id":{"$oid":"6581b13df2db31d3f8e54f79"},"unnamed_0_x":"Some value","database_id":"123","disease_name":"Some disease","hpo_id":"HP:0001250","__v":0}
{"_id":{"$oid":"6581b15a4f7f67baa3a6fcf0"},"unnamed_0_x":"Some value","database_id":"123","disease_name":"Some disease","hpo_id":"HP:0001250","__v":0}
{"_id":{"$oid":"6581b2d29b2159307639f0bf"},"unnamed_0_x":"Some value","database_id":"123","disease_name":"Some disease","hpo_id":"HP:0001250","__v":0}
{"_id":{"$oid":"6581b2e998970977503fa6bd"},"unnamed_0_x":"Some value","database_id":"123","disease_name":"Some disease","hpo_id":"HP:0001250","__v":0}
{"_id":{"$oid":"6581b37414929e0779528e1c"},"unnamed_0_x":"Some value","database_id":"123","disease_name":"Some disease","hpo_id":"HP:0001250","__v":0}
{"_id":{"$oid":"6581b3e6b1855f14b616e3e7"},"unnamed_0_x":"Some value","database_id":"123","disease_name":"Some disease","hpo_id":"HP:0001250","__v":0}
{"_id":{"$oid":"6581b422919e9b45db5b2c6a"},"unnamed_0_x":"Some value","database_id":"123","disease_name":"Some disease","hpo_id":"HP:0001250","__v":0}
{"_id":{"$oid":"6581b8c674d723a4986fc41c"},"unnamed_0_x":"Some value","database_id":"123","disease_name":"Some disease","hpo_id":"HP:0001250","__v":0}
{"_id":{"$oid":"6581bb67d2581cd30fce01a8"},"unnamed_0_x":"Some value","database_id":"123","disease_name":"Some disease","hpo_id":"HP:0001250","__v":0}
{"_id":{"$oid":"6581bbdf4b8d3cdef2eb7cad"},"unnamed_0_x":"Some value","database_id":"123","disease_name":"Some disease","hpo_id":"HP:0001250","__v":0}
{"_id":{"$oid":"6581bbe951ccbc75cffa4c08"},"unnamed_0_x":"Some value","database_id":"123","disease_name":"Some disease","hpo_id":"HP:0001250","__v":0}
{"_id":{"$oid":"6581bc191c6513dc675854c1"},"unnamed_0_x":"Some value","database_id":"123","disease_name":"Some disease","hpo_id":"HP:0001250","__v":0}
{"_id":{"$oid":"6581bc6697bd69d73a1bbf98"},"unnamed_0_x":"Some value","database_id":"123","disease_name":"Some disease","hpo_id":"HP:0001250","__v":0}
{"_id":{"$oid":"6581bc793c6352888d82abd1"},"unnamed_0_x":"Some value","database_id":"123","disease_name":"Some disease","hpo_id":"HP:0001250","__v":0}
{"_id":{"$oid":"6581bd495d2779025526ac68"},"unnamed_0_x":"Some value","database_id":"123","disease_name":"Some disease","hpo_id":"HP:0001250","__v":0}
{"_id":{"$oid":"6581bd83cb93bcab4fcfc5bc"},"unnamed_0_x":"Some value","database_id":"123","disease_name":"Some disease","hpo_id":"HP:0001250","__v":0}
{"_id":{"$oid":"6581bd88e62afaae3e1614c0"},"unnamed_0_x":"Some value","database_id":"123","disease_name":"Some disease","hpo_id":"HP:0001250","__v":0}
{"_id":{"$oid":"6581bde92e971a8bc3afda5c"},"unnamed_0_x":"Some value","database_id":"123","disease_name":"Some disease","hpo_id":"HP:0001250","__v":0}
{"_id":{"$oid":"6581be805f0149f7b55da295"},"unnamed_0_x":"Some value","database_id":"123","disease_name":"Some disease","hpo_id":"HP:0001250","__v":0}
{"_id":{"$oid":"6581be8ac664a7ffb1b98166"},"unnamed_0_x":"Some value","database_id":"123","disease_name":"Some disease","hpo_id":"HP:0001250","__v":0}
{"_id":{"$oid":"6581beb3d47d0565e695f488"},"unnamed_0_x":"Some value","database_id":"123","disease_name":"Some disease","hpo_id":"HP:0001250","__v":0}
{"_id":{"$oid":"658203b6da97666c639bf4da"},"unnamed_0_x":"Some value","database_id":"123","disease_name":"Some disease","hpo_id":"HP:0001250","__v":0}
{"_id":{"$oid":"658204605afcdea7abe0440b"},"unnamed_0_x":"Some value","database_id":"123","disease_name":"Some disease","hpo_id":"HP:0001250","__v":0}
{"_id":{"$oid":"65820482d61bd27a4b7e4279"},"unnamed_0_x":"Some value","database_id":"123","disease_name":"Some disease","hpo_id":"HP:0001250","__v":0}
{"_id":{"$oid":"65820f48e8f7b6ca61076c8c"},"unnamed_0_x":"Some value","database_id":"123","disease_name":"Some disease","hpo_id":"HP:0001250","__v":0}
{"_id":{"$oid":"65820f82efc095e3b93961d8"},"unnamed_0_x":"Some value","database_id":"123","disease_name":"Some disease","hpo_id":"HP:0001250","__v":0}
{"_id":{"$oid":"65820f84667d802f06c84b50"},"unnamed_0_x":"Some value","database_id":"123","disease_name":"Some disease","hpo_id":"HP:0001250","__v":0}
{"_id":{"$oid":"65820f915817d415560f64bb"},"unnamed_0_x":"Some value","database_id":"123","disease_name":"Some disease","hpo_id":"HP:0001250","__v":0}
{"_id":{"$oid":"65820f939584ce7fbe1739d4"},"unnamed_0_x":"Some value","database_id":"123","disease_name":"Some disease","hpo_id":"HP:0001250","__v":0}
{"_id":{"$oid":"65820fa99b6a5f16d7c3af29"},"unnamed_0_x":"Some value","database_id":"123","disease_name":"Some disease","hpo_id":"HP:0001250","__v":0}
{"_id":{"$oid":"65820fb190f49cc6bab21e38"},"unnamed_0_x":"Some value","database_id":"123","disease_name":"Some disease","hpo_id":"HP:0001250","__v":0}
{"_id":{"$oid":"65820fc684143c9cd6cb5773"},"unnamed_0_x":"Some value","database_id":"123","disease_name":"Some disease","hpo_id":"HP:0001250","__v":0}
{"_id":{"$oid":"65820fd48b161c438ffcedaa"},"unnamed_0_x":"Some value","database_id":"123","disease_name":"Some disease","hpo_id":"HP:0001250","__v":0}
{"_id":{"$oid":"65820fdac93633503daa59db"},"unnamed_0_x":"Some value","database_id":"123","disease_name":"Some disease","hpo_id":"HP:0001250","__v":0}
{"_id":{"$oid":"6582105dbe9a264e5ac86049"},"unnamed_0_x":"Some value","database_id":"123","disease_name":"Some disease","hpo_id":"HP:0001250","__v":0}
{"_id":{"$oid":"658227d06b7e8eb87199b97a"},"unnamed_0_x":"Some value","database_id":"123","disease_name":"Some disease","hpo_id":"HP:0001250","__v":0}
{"_id":{"$oid":"658345668d8279a4d24e1d98"},"unnamed_0_x":"Some value","database_id":"123","disease_name":"Some disease","hpo_id":"HP:0001250","__v":0}
{"_id":{"$oid":"658345f9bb19c1f9a666cde4"},"unnamed_0_x":"Some value","database_id":"123","disease_name":"Some disease","hpo_id":"HP:0001250","__v":0}
{"_id":{"$oid":"658346dbcd4e5bff0396b476"},"unnamed_0_x":"Some value","database_id":"123","disease_name":"Some disease","hpo_id":"HP:0001250","__v":0}
{"_id":{"$oid":"658346e0e92d311a8b64b5c9"},"unnamed_0_x":"Some value","database_id":"123","disease_name":"Some disease","hpo_id":"HP:0001250","__v":0}
{"_id":{"$oid":"658347130278940ba07cdd97"},"unnamed_0_x":"Some value","database_id":"123","disease_name":"Some disease","hpo_id":"HP:0001250","__v":0}
{"_id":{"$oid":"6583471911dd0fa3e5f7aaa3"},"unnamed_0_x":"Some value","database_id":"123","disease_name":"Some disease","hpo_id":"HP:0001250","__v":0}
{"_id":{"$oid":"658347adb252fb46736134cf"},"unnamed_0_x":"Some value","database_id":"123","disease_name":"Some disease","hpo_id":"HP:0001250","__v":0}
{"_id":{"$oid":"658347b7b2f31d8d12693752"},"unnamed_0_x":"Some value","database_id":"123","disease_name":"Some disease","hpo_id":"HP:0001250","__v":0}
{"_id":{"$oid":"6583486d2daacd80e7fdb186"},"unnamed_0_x":"Some value","database_id":"123","disease_name":"Some disease","hpo_id":"HP:0001250","__v":0}
{"_id":{"$oid":"65834880f749f4025903dc88"},"unnamed_0_x":"Some value","database_id":"123","disease_name":"Some disease","hpo_id":"HP:0001250","__v":0}
{"_id":{"$oid":"6583488cc4f88494321a2dd9"},"unnamed_0_x":"Some value","database_id":"123","disease_name":"Some disease","hpo_id":"HP:0001250","__v":0}
{"_id":{"$oid":"658348e5246b10853b57c6d6"},"unnamed_0_x":"Some value","database_id":"123","disease_name":"Some disease","hpo_id":"HP:0001250","__v":0}
{"_id":{"$oid":"658348f814f6439d6cd09b84"},"unnamed_0_x":"Some value","database_id":"123","disease_name":"Some disease","hpo_id":"HP:0001250","__v":0}
{"_id":{"$oid":"658349b636287c158e788d12"},"unnamed_0_x":"Some value","database_id":"123","disease_name":"Some disease","hpo_id":"HP:0001250","__v":0}
{"_id":{"$oid":"65834e7b916a2eebb479547e"},"unnamed_0_x":"Some value","database_id":"123","disease_name":"Some disease","hpo_id":"HP:0001250","__v":0}
{"_id":{"$oid":"6583516d06f8388c682f7d01"},"unnamed_0_x":"Some value","database_id":"123","disease_name":"Some disease","hpo_id":"HP:0001250","__v":0}
{"_id":{"$oid":"65835170ecce365c6b49385f"},"unnamed_0_x":"Some value","database_id":"123","disease_name":"Some disease","hpo_id":"HP:0001250","__v":0}
{"_id":{"$oid":"6583537b10ad01522d5461d3"},"unnamed_0_x":"Some value","database_id":"123","disease_name":"Some disease","hpo_id":"HP:0001250","__v":0}
{"_id":{"$oid":"658353d3d021600603b1849a"},"unnamed_0_x":"Some value","database_id":"123","disease_name":"Some disease","hpo_id":"HP:0001250","__v":0}
{"_id":{"$oid":"658353d6941059f6aed7d29d"},"unnamed_0_x":"Some value","database_id":"123","disease_name":"Some disease","hpo_id":"HP:0001250","__v":0}
{"_id":{"$oid":"658356dd4c03d8c2a10bb1ae"},"unnamed_0_x":"Some value","database_id":"123","disease_name":"Some disease","hpo_id":"HP:0001250","__v":0}
{"_id":{"$oid":"6583892770480ce63d504769"},"unnamed_0_x":"Some value","database_id":"123","disease_name":"Some disease","hpo_id":"HP:0001250","__v":0}
{"_id":{"$oid":"65838a09550544487be9d4f9"},"unnamed_0_x":"Some value","database_id":"123","disease_name":"Some disease","hpo_id":"HP:0001250","__v":0}
{"_id":{"$oid":"65838c21c2816958d5b94743"},"unnamed_0_x":"Some value","database_id":"123","disease_name":"Some disease","hpo_id":"HP:0001250","__v":0}
{"_id":{"$oid":"65838c8f7c5e5e838c90c9d2"},"unnamed_0_x":"Some value","database_id":"123","disease_name":"Some disease","hpo_id":"HP:0001250","__v":0}
{"_id":{"$oid":"65838cca892a87a6eab7200e"},"unnamed_0_x":"Some value","database_id":"123","disease_name":"Some disease","hpo_id":"HP:0001250","__v":0}
{"_id":{"$oid":"65838d0b9f0f1971a07361ee"},"unnamed_0_x":"Some value","database_id":"123","disease_name":"Some disease","hpo_id":"HP:0001250","__v":0}
{"_id":{"$oid":"65838d391f63223c0da730bb"},"unnamed_0_x":"Some value","database_id":"123","disease_name":"Some disease","hpo_id":"HP:0001250","__v":0}
{"_id":{"$oid":"65838d5df1a0669a753eaf9a"},"unnamed_0_x":"Some value","database_id":"123","disease_name":"Some disease","hpo_id":"HP:0001250","__v":0}
{"_id":{"$oid":"6583905343dddf4a0ec4fb06"},"unnamed_0_x":"Some value","database_id":"123","disease_name":"Some disease","hpo_id":"HP:0001250","__v":0}
{"_id":{"$oid":"6585955571ef1ff52d95d8b4"},"unnamed_0_x":"Some value","database_id":"123","disease_name":"Some disease","hpo_id":"HP:0001250","__v":0}
{"_id":{"$oid":"658c255b1a8a8ad2326b3134"},"unnamed_0_x":"Some value","database_id":"123","disease_name":"Some disease","hpo_id":"HP:0001250","__v":0}
{"_id":{"$oid":"658eba799f16ceb29c05726f"},"unnamed_0_x":"Some value","database_id":"123","disease_name":"Some disease","hpo_id":"HP:0001250","__v":0}
{"_id":{"$oid":"658ec29b3191dbbd6030f60d"},"unnamed_0_x":"Some value","database_id":"123","disease_name":"Some disease","hpo_id":"HP:0001250","__v":0}
{"_id":{"$oid":"65934c1224c18afc442943fc"},"unnamed_0_x":"Some value","database_id":"123","disease_name":"Some disease","hpo_id":"HP:0001250","__v":0}
{"_id":{"$oid":"65934ebd2da336cbe3d00700"},"unnamed_0_x":"Some value","database_id":"123","disease_name":"Some disease","hpo_id":"HP:0001250","__v":0}
{"_id":{"$oid":"65934ed3bb98380553bc6ec6"},"unnamed_0_x":"Some value","database_id":"123","disease_name":"Some disease","hpo_id":"HP:0001250","__v":0}
{"_id":{"$oid":"65934f3410de6a76845f2faf"},"unnamed_0_x":"Some value","database_id":"123","disease_name":"Some disease","hpo_id":"HP:0001250","__v":0}
{"_id":{"$oid":"65934f402ddf5b86fd03293c"},"unnamed_0_x":"Some value","database_id":"123","disease_name":"Some disease","hpo_id":"HP:0001250","__v":0}
{"_id":{"$oid":"659350178daa81ac93421e46"},"unnamed_0_x":"Some value","database_id":"123","disease_name":"Some disease","hpo_id":"HP:0001250","__v":0}
{"_id":{"$oid":"6593503603bc43d44d12c998"},"unnamed_0_x":"Some value","database_id":"123","disease_name":"Some disease","hpo_id":"HP:0001250","__v":0}
{"_id":{"$oid":"6593503c38e96b4418e40601"},"unnamed_0_x":"Some value","database_id":"123","disease_name":"Some disease","hpo_id":"HP:0001250","__v":0}
{"_id":{"$oid":"65935189abbdb4e423272a4d"},"unnamed_0_x":"Some value","database_id":"123","disease_name":"Some disease","hpo_id":"HP:0001250","__v":0}
{"_id":{"$oid":"659352455cc1e7c726825ef5"},"unnamed_0_x":"Some value","database_id":"123","disease_name":"Some disease","hpo_id":"HP:0001250","__v":0}
{"_id":{"$oid":"65935458f38d8009b304031e"},"unnamed_0_x":"Some value","database_id":"123","disease_name":"Some disease","hpo_id":"HP:0001250","__v":0}
{"_id":{"$oid":"659359e58cb8163bc58b3fc9"},"unnamed_0_x":"Some value","database_id":"123","disease_name":"Some disease","hpo_id":"HP:0001250","__v":0}
{"_id":{"$oid":"65935a1bb194cd19d2a36051"},"unnamed_0_x":"Some value","database_id":"123","disease_name":"Some disease","hpo_id":"HP:0001250","__v":0}
{"_id":{"$oid":"65935a26f9c5b0c0acc3b2be"},"unnamed_0_x":"Some value","database_id":"123","disease_name":"Some disease","hpo_id":"HP:0001250","__v":0}
{"_id":{"$oid":"65935a29d9af44965d746bcb"},"unnamed_0_x":"Some value","database_id":"123","disease_name":"Some disease","hpo_id":"HP:0001250","__v":0}
{"_id":{"$oid":"65935d752d0c5be5f22ceb77"},"unnamed_0_x":"Some value","database_id":"123","disease_name":"Some disease","hpo_id":"HP:0001250","__v":0}
{"_id":{"$oid":"65935dc166870adf739c0fb1"},"unnamed_0_x":"Some value","database_id":"123","disease_name":"Some disease","hpo_id":"HP:0001250","__v":0}
{"_id":{"$oid":"659560a79d37294d1bad96c4"},"unnamed_0_x":"Some value","database_id":"123","disease_name":"Some disease","hpo_id":"HP:0001250","__v":0}
{"_id":{"$oid":"65973d8a0d07d028e84e0eec"},"unnamed_0_x":"Some value","database_id":"123","disease_name":"Some disease","hpo_id":"HP:0001250","__v":0}
{"_id":{"$oid":"65974f1715169e8313b5eb83"},"unnamed_0_x":"Some value","database_id":"123","disease_name":"Some disease","hpo_id":"HP:0001250","__v":0}
{"_id":{"$oid":"659fe17d44828c8d17edfb51"},"unnamed_0_x":"Some value","database_id":"123","disease_name":"Some disease","hpo_id":"HP:0001250","__v":0}
{"_id":{"$oid":"65a4074f227b8a9b870a2a09"},"unnamed_0_x":"Some value","database_id":"123","disease_name":"Some disease","hpo_id":"HP:0001250","__v":0}
{"_id":{"$oid":"65ad72e8e2dfee523df70e82"},"unnamed_0_x":"Some value","database_id":"123","disease_name":"Some disease","hpo_id":"HP:0001250","__v":0}
{"_id":{"$oid":"65ad74735f0307e3537a2a1a"},"unnamed_0_x":"Some value","database_id":"123","disease_name":"Some disease","hpo_id":"HP:0001250","__v":0}
{"_id":{"$oid":"65ad76e6005e514b4727fa73"},"unnamed_0_x":"Some value","database_id":"123","disease_name":"Some disease","hpo_id":"HP:0001250","__v":0}
{"_id":{"$oid":"65ad771cb7ce71a283e6cad8"},"unnamed_0_x":"Some value","database_id":"123","disease_name":"Some disease","hpo_id":"HP:0001250","__v":0}
{"_id":{"$oid":"65ad7832d0c2723a7e9ed5d2"},"unnamed_0_x":"Some value","database_id":"123","disease_name":"Some disease","hpo_id":"HP:0001250","__v":0}
{"_id":{"$oid":"65ad793be6f293606ba78e25"},"unnamed_0_x":"Some value","database_id":"123","disease_name":"Some disease","hpo_id":"HP:0001250","__v":0}
{"_id":{"$oid":"65ad79759eb6facdbd7b1e81"},"unnamed_0_x":"Some value","database_id":"123","disease_name":"Some disease","hpo_id":"HP:0001250","__v":0}
{"_id":{"$oid":"65ad7a6ead1d572fe0b70831"},"unnamed_0_x":"Some value","database_id":"123","disease_name":"Some disease","hpo_id":"HP:0001250","__v":0}
{"_id":{"$oid":"65ad7ab44ea982ca8cdbfcaa"},"unnamed_0_x":"Some value","database_id":"123","disease_name":"Some disease","hpo_id":"HP:0001250","__v":0}
{"_id":{"$oid":"65ad7abe268a9727b5327371"},"unnamed_0_x":"Some value","database_id":"123","disease_name":"Some disease","hpo_id":"HP:0001250","__v":0}
{"_id":{"$oid":"65ad7ae8f000d3ae8b943bde"},"unnamed_0_x":"Some value","database_id":"123","disease_name":"Some disease","hpo_id":"HP:0001250","__v":0}
{"_id":{"$oid":"65ad7b36c1fc2c2cae198b76"},"unnamed_0_x":"Some value","database_id":"123","disease_name":"Some disease","hpo_id":"HP:0001250","__v":0}
{"_id":{"$oid":"65ad7b7644adaf105b6aa00c"},"unnamed_0_x":"Some value","database_id":"123","disease_name":"Some disease","hpo_id":"HP:0001250","__v":0}
{"_id":{"$oid":"65ad7b824995c0d49bb655a7"},"unnamed_0_x":"Some value","database_id":"123","disease_name":"Some disease","hpo_id":"HP:0001250","__v":0}
{"_id":{"$oid":"65ad7b9d59b731469432c585"},"unnamed_0_x":"Some value","database_id":"123","disease_name":"Some disease","hpo_id":"HP:0001250","__v":0}
{"_id":{"$oid":"65ad7be4b33319e26fb071b9"},"unnamed_0_x":"Some value","database_id":"123","disease_name":"Some disease","hpo_id":"HP:0001250","__v":0}
{"_id":{"$oid":"65ad7c021a7937cfe9234414"},"unnamed_0_x":"Some value","database_id":"123","disease_name":"Some disease","hpo_id":"HP:0001250","__v":0}
{"_id":{"$oid":"65ad7c12a57fb74af1bec9c5"},"unnamed_0_x":"Some value","database_id":"123","disease_name":"Some disease","hpo_id":"HP:0001250","__v":0}
{"_id":{"$oid":"65ad7ca8d6e9f5b39a149fb2"},"unnamed_0_x":"Some value","database_id":"123","disease_name":"Some disease","hpo_id":"HP:0001250","__v":0}
{"_id":{"$oid":"65ad7cea961fe2504f29482b"},"unnamed_0_x":"Some value","database_id":"123","disease_name":"Some disease","hpo_id":"HP:0001250","__v":0}
{"_id":{"$oid":"65ad7cf540b9c6dc9e9957e7"},"unnamed_0_x":"Some value","database_id":"123","disease_name":"Some disease","hpo_id":"HP:0001250","__v":0}
{"_id":{"$oid":"65ad7d02d98a9454571d314c"},"unnamed_0_x":"Some value","database_id":"123","disease_name":"Some disease","hpo_id":"HP:0001250","__v":0}
{"_id":{"$oid":"65ad7d0952e26d89647dd91b"},"unnamed_0_x":"Some value","database_id":"123","disease_name":"Some disease","hpo_id":"HP:0001250","__v":0}
{"_id":{"$oid":"65ad7e09b7bd8c723fa40adf"},"unnamed_0_x":"Some value","database_id":"123","disease_name":"Some disease","hpo_id":"HP:0001250","__v":0}
{"_id":{"$oid":"65ad7f1a13ac15f5c06184ea"},"unnamed_0_x":"Some value","database_id":"123","disease_name":"Some disease","hpo_id":"HP:0001250","__v":0}
{"_id":{"$oid":"65ad7f7182f4ce18ceb2a3c8"},"unnamed_0_x":"Some value","database_id":"123","disease_name":"Some disease","hpo_id":"HP:0001250","__v":0}
{"_id":{"$oid":"65ad7f810d9bf75af863e43e"},"unnamed_0_x":"Some value","database_id":"123","disease_name":"Some disease","hpo_id":"HP:0001250","__v":0}
{"_id":{"$oid":"65ad7fc79ed59d26b1269d25"},"unnamed_0_x":"Some value","database_id":"123","disease_name":"Some disease","hpo_id":"HP:0001250","__v":0}
{"_id":{"$oid":"65ad7fc9a6fc3b0315d6b4a1"},"unnamed_0_x":"Some value","database_id":"123","disease_name":"Some disease","hpo_id":"HP:0001250","__v":0}
{"_id":{"$oid":"65ad7fcb937f5eaa74742c81"},"unnamed_0_x":"Some value","database_id":"123","disease_name":"Some disease","hpo_id":"HP:0001250","__v":0}
{"_id":{"$oid":"65ad8001ffacca0dfb9e068f"},"unnamed_0_x":"Some value","database_id":"123","disease_name":"Some disease","hpo_id":"HP:0001250","__v":0}
{"_id":{"$oid":"65ad80da35dffbd34610f217"},"unnamed_0_x":"Some value","database_id":"123","disease_name":"Some disease","hpo_id":"HP:0001250","__v":0}
{"_id":{"$oid":"65ad80e2d5eca0e3972a999e"},"unnamed_0_x":"Some value","database_id":"123","disease_name":"Some disease","hpo_id":"HP:0001250","__v":0}
{"_id":{"$oid":"65ad811b67675eac8ea038e4"},"unnamed_0_x":"Some value","database_id":"123","disease_name":"Some disease","hpo_id":"HP:0001250","__v":0}
{"_id":{"$oid":"65ad8124434436fb0fafb716"},"unnamed_0_x":"Some value","database_id":"123","disease_name":"Some disease","hpo_id":"HP:0001250","__v":0}
{"_id":{"$oid":"65ad8156e3347c13bf0300c3"},"unnamed_0_x":"Some value","database_id":"123","disease_name":"Some disease","hpo_id":"HP:0001250","__v":0}
{"_id":{"$oid":"65ad81b898eb6211d69e9984"},"unnamed_0_x":"Some value","database_id":"123","disease_name":"Some disease","hpo_id":"HP:0001250","__v":0}
{"_id":{"$oid":"65ad81c5dd71bc098574bc9e"},"unnamed_0_x":"Some value","database_id":"123","disease_name":"Some disease","hpo_id":"HP:0001250","__v":0}
{"_id":{"$oid":"65ad81e6462f1712f9ddc48c"},"unnamed_0_x":"Some value","database_id":"123","disease_name":"Some disease","hpo_id":"HP:0001250","__v":0}
{"_id":{"$oid":"65ad81fd39ddef06a9407f42"},"unnamed_0_x":"Some value","database_id":"123","disease_name":"Some disease","hpo_id":"HP:0001250","__v":0}
{"_id":{"$oid":"65aec28d70d9e0fe29620a7b"},"unnamed_0_x":"Some value","database_id":"123","disease_name":"Some disease","hpo_id":"HP:0001250","__v":0}
{"_id":{"$oid":"65aec2c71541fa569591ab3a"},"unnamed_0_x":"Some value","database_id":"123","disease_name":"Some disease","hpo_id":"HP:0001250","__v":0}
{"_id":{"$oid":"65aec42dc377c8453a316237"},"unnamed_0_x":"Some value","database_id":"123","disease_name":"Some disease","hpo_id":"HP:0001250","__v":0}
{"_id":{"$oid":"65b24a86194b2b2ea771cc3f"},"unnamed_0_x":"Some value","database_id":"123","disease_name":"Some disease","hpo_id":"HP:0001250","__v":0}
{"_id":{"$oid":"65bce6dc6721e0e2093a3264"},"unnamed_0_x":"Some value","database_id":"123","disease_name":"Some disease","hpo_id":"HP:0001250","__v":0}
{"_id":{"$oid":"65cf5ab3c7c3c3bb96e6bf5e"},"unnamed_0_x":"Some value","database_id":"123","disease_name":"Some disease","hpo_id":"HP:0001250","__v":0}
{"_id":{"$oid":"65d2798cb7307e767615fac2"},"unnamed_0_x":"Some value","database_id":"123","disease_name":"Some disease","hpo_id":"HP:0001250","__v":0}
