{"_id":{"$oid":"654d9460aefcb9d1e7ab226f"},"diseaseName":"Allgrove syndrome","omimNumber":231550,"gene":"","dnaChangeHg19":"c.1331+1G>A","proteinChangeHg19":"","hgvsHg19":"","dnaChangeHg38":"","proteinChangeHg38":"","hgvsHg38":"","dbSNPID":"","clinVarID":"","pharmGKBID":"","type":"Splicing","refSeqID":"","transcriptEnsemblID":"","exonIntron":"intron 14","acmgClassification":"","clinVarClinicalSignificance":"","patientID":"","geographicLocationOrEthnicGroupsInTunisian":"Tunisia","governorate":"","mutationFrequencyInTunisia":"","populationsOtherThanTunisia":"Algeria","founder":"Yes","populationsMAFsInGnomADExomes":"","populationsMAFsInGnomADGenomes":"","pubmedID":11062474}
{"_id":{"$oid":"654d9460aefcb9d1e7ab2270"},"diseaseName":"Fanconi anemia, FA ","omimNumber":227650,"gene":"FANCA","dnaChangeHg19":"c.513G>A","proteinChangeHg19":"W171X","hgvsHg19":"","dnaChangeHg38":"","proteinChangeHg38":"","hgvsHg38":"","dbSNPID":"","clinVarID":"","pharmGKBID":"","type":"Frameshift","refSeqID":"","transcriptEnsemblID":"","exonIntron":"Exon5","acmgClassification":"","clinVarClinicalSignificance":"","patientID":"","geographicLocationOrEthnicGroupsInTunisian":"Tunisia","governorate":"Central","mutationFrequencyInTunisia":"","populationsOtherThanTunisia":"","founder":"","populationsMAFsInGnomADExomes":"","populationsMAFsInGnomADGenomes":"","pubmedID":12827451}
{"_id":{"$oid":"654d9460aefcb9d1e7ab2271"},"diseaseName":"HYPOBETALIPOPROTEINEMIA, FAMILIAL","omimNumber":200100,"gene":"APOB","dnaChangeHg19":"c.923GNA","proteinChangeHg19":"p.W308X","hgvsHg19":"","dnaChangeHg38":"","proteinChangeHg38":"","hgvsHg38":"","dbSNPID":"","clinVarID":"RCV001918355","pharmGKBID":"","type":"Nonsense","refSeqID":"NM_001386140.1","transcriptEnsemblID":"ENSG00000248676","exonIntron":"Exon8","acmgClassification":"Pathogenic","clinVarClinicalSignificance":"Pathogenic","patientID":"Family A: III-1","geographicLocationOrEthnicGroupsInTunisian":"Tunisia","governorate":"Tunis","mutationFrequencyInTunisia":"","populationsOtherThanTunisia":"","founder":"","populationsMAFsInGnomADExomes":"","populationsMAFsInGnomADGenomes":"","pubmedID":19056372}
