{"_id":{"$oid":"6570e438f7e922b3f4cf16d1"},"username":"john_doe","password":"$2b$10$/3S6M/LCzsvVpR.vtJTf7eoomEYzJFC/xyxLb.sa9ZJJMmj9/sT7i","firstName":"John","lastName":"Doe","email":"john.doe@example.com","age":30,"gender":"Male","job":"software_engineer","__v":0}
{"_id":{"$oid":"6570e763193ec27e28310f15"},"username":"john_doe1","password":"$2b$10$0KyjEN0XrnuXASnK9m5T8uysOCgyfm4.MmiryyhCok0JLAJKvBF6y","firstName":"John","lastName":"Doe","email":"john.doe1@example.com","age":30,"gender":"Male","job":"software_engineer","profile":"Researchers","__v":0}
{"_id":{"$oid":"6570e81969f91f78f151b0a5"},"username":"sifi abdelwaheb","password":"$2b$10$G4Ylxzfr6CMqF3vbOT0khOrohdJGRtXPIXGTEcz4kMrztBgpRbfKe","firstName":"John","lastName":"Doe","email":"abdelwahebsifi5@gmail.com","age":30,"gender":"Male","job":"software_engineer","profile":"Researchers","__v":0}
{"_id":{"$oid":"658ebcdfb43e980888d6c09a"},"username":"sifiabdelwaheb","password":"password","firstName":"abdelwaheb","lastName":"sifi","email":"sifiabdelwaheb@gmail.com"}
{"_id":{"$oid":"6593509838e96b4418e40607"},"username":"abdelwahebsifi","password":"$2b$10$qucy/69knE22XmLIDIOxNuVPu1SzxVp23tkHFm0LtMEsv3BHj3VDi","useremail":"abdelwahebsifi5@gmail.com","expertise":"Researchers","__v":0}
